index,pot_time,pot_maxima,Peak_period
6,1996-01-02 12:00:00,1.504638671875,5.776710510253906
18,1996-01-05 12:00:00,1.279541015625,5.342140197753906
38,1996-01-10 12:00:00,1.287841796875,5.550148010253906
62,1996-01-16 12:00:00,1.396728515625,5.681007385253906
90,1996-01-23 12:00:00,1.232421875,5.256202697753906
110,1996-01-28 12:00:00,1.56591796875,6.206398010253906
128,1996-02-02 00:00:00,1.36767578125,5.638526916503906
153,1996-02-08 06:00:00,1.368896484375,5.658058166503906
166,1996-02-11 12:00:00,1.009033203125,4.982276916503906
178,1996-02-14 12:00:00,1.145751953125,5.124366760253906
194,1996-02-18 12:00:00,1.42724609375,5.693702697753906
218,1996-02-24 12:00:00,1.2861328125,5.642921447753906
233,1996-02-28 06:00:00,0.9178466796875,4.782081604003906
250,1996-03-03 12:00:00,1.215576171875,5.551124572753906
266,1996-03-07 12:00:00,1.321533203125,5.688819885253906
286,1996-03-12 12:00:00,1.1552734375,5.135597229003906
326,1996-03-22 12:00:00,1.444580078125,5.799659729003906
346,1996-03-27 12:00:00,1.671875,5.289405822753906
366,1996-04-01 12:00:00,0.978759765625,4.918800354003906
390,1996-04-07 12:00:00,1.325439453125,5.612159729003906
402,1996-04-10 12:00:00,1.041259765625,5.142921447753906
414,1996-04-13 12:00:00,1.56298828125,5.881690979003906
506,1996-05-06 12:00:00,0.996826171875,5.131690979003906
603,1996-05-30 18:00:00,1.044189453125,4.726417541503906
643,1996-06-09 18:00:00,0.946533203125,4.315284729003906
659,1996-06-13 18:00:00,1.66064453125,5.649269104003906
683,1996-06-19 18:00:00,1.314697265625,4.895851135253906
699,1996-06-23 18:00:00,1.067138671875,4.359718322753906
759,1996-07-08 18:00:00,1.031005859375,4.612159729003906
783,1996-07-14 18:00:00,1.68408203125,5.632667541503906
799,1996-07-18 18:00:00,0.9609375,4.353858947753906
811,1996-07-21 18:00:00,1.57080078125,5.177101135253906
823,1996-07-24 18:00:00,0.92822265625,4.060890197753906
835,1996-07-27 18:00:00,1.70166015625,5.626808166503906
847,1996-07-30 18:00:00,1.138671875,4.668312072753906
867,1996-08-04 18:00:00,1.2958984375,4.965675354003906
879,1996-08-07 18:00:00,1.447021484375,5.184425354003906
915,1996-08-16 18:00:00,1.494140625,5.050880432128906
1031,1996-09-14 18:00:00,0.95654296875,4.425636291503906
1126,1996-10-08 12:00:00,1.02294921875,4.771827697753906
1146,1996-10-13 12:00:00,0.9267578125,4.865089416503906
1166,1996-10-18 12:00:00,1.14453125,5.278175354003906
1194,1996-10-25 12:00:00,0.96875,4.873878479003906
1226,1996-11-02 12:00:00,0.9510498046875,4.687843322753906
1258,1996-11-10 12:00:00,0.91650390625,4.772315979003906
1277,1996-11-15 06:00:00,2.3583984375,6.749855041503906
1301,1996-11-21 06:00:00,1.22998046875,5.140480041503906
1322,1996-11-26 12:00:00,1.0341796875,5.204689025878906
1353,1996-12-04 06:00:00,1.384765625,5.270362854003906
1370,1996-12-08 12:00:00,1.2744140625,5.627296447753906
1390,1996-12-13 12:00:00,0.95703125,4.810890197753906
1417,1996-12-20 06:00:00,0.921875,4.378761291503906
1449,1996-12-28 06:00:00,1.658935546875,5.856788635253906
1461,1996-12-31 06:00:00,1.215087890625,5.332618713378906
1482,1997-01-05 12:00:00,1.8740234375,6.449562072753906
1498,1997-01-09 12:00:00,1.367919921875,5.783546447753906
1510,1997-01-12 12:00:00,1.15087890625,5.338722229003906
1522,1997-01-15 12:00:00,1.3670654296875,5.635108947753906
1541,1997-01-20 06:00:00,1.375244140625,5.224464416503906
1570,1997-01-27 12:00:00,1.32568359375,5.598487854003906
1618,1997-02-08 12:00:00,0.968994140625,4.768409729003906
1654,1997-02-17 12:00:00,0.982177734375,4.769874572753906
1666,1997-02-20 12:00:00,0.998291015625,5.067237854003906
1679,1997-02-23 18:00:00,0.952392578125,4.298194885253906
1710,1997-03-03 12:00:00,1.653564453125,6.121925354003906
1738,1997-03-10 12:00:00,1.28466796875,5.258644104003906
1773,1997-03-19 06:00:00,1.11279296875,4.802101135253906
1786,1997-03-22 12:00:00,1.41650390625,5.858741760253906
1813,1997-03-29 06:00:00,1.955810546875,5.883644104003906
1842,1997-04-05 12:00:00,1.292236328125,5.409523010253906
1863,1997-04-10 18:00:00,0.990478515625,4.696632385253906
1878,1997-04-14 12:00:00,1.171875,5.265968322753906
1890,1997-04-17 12:00:00,0.9736328125,4.741065979003906
1902,1997-04-20 12:00:00,0.944091796875,4.997901916503906
1921,1997-04-25 06:00:00,1.115234375,5.054054260253906
1969,1997-05-07 06:00:00,1.004638671875,4.684425354003906
2057,1997-05-29 06:00:00,1.109130859375,4.764503479003906
2131,1997-06-16 18:00:00,0.935302734375,4.643898010253906
2175,1997-06-27 18:00:00,1.5126953125,5.237648010253906
2195,1997-07-02 18:00:00,1.208984375,4.731788635253906
2207,1997-07-05 18:00:00,1.60791015625,5.542335510253906
2235,1997-07-12 18:00:00,1.17236328125,4.775733947753906
2251,1997-07-16 18:00:00,1.345947265625,5.179054260253906
2263,1997-07-19 18:00:00,1.686279296875,5.549171447753906
2283,1997-07-24 18:00:00,1.701416015625,5.656593322753906
2295,1997-07-27 18:00:00,1.6884765625,5.651710510253906
2319,1997-08-02 18:00:00,1.547119140625,5.497413635253906
2335,1997-08-06 18:00:00,1.7490234375,5.606300354003906
2355,1997-08-11 18:00:00,0.970703125,4.326026916503906
2391,1997-08-20 18:00:00,1.640625,5.474464416503906
2403,1997-08-23 18:00:00,1.10986328125,4.702980041503906
2419,1997-08-27 18:00:00,1.16455078125,4.856300354003906
2431,1997-08-30 18:00:00,0.93798828125,4.346534729003906
2573,1997-10-05 06:00:00,0.962646484375,4.659523010253906
2590,1997-10-09 12:00:00,1.058837890625,5.120460510253906
2613,1997-10-15 06:00:00,1.399169921875,5.259620666503906
2625,1997-10-18 06:00:00,1.0634765625,4.925148010253906
2666,1997-10-28 12:00:00,1.3089599609375,5.683937072753906
2685,1997-11-02 06:00:00,1.079345703125,4.929054260253906
2738,1997-11-15 12:00:00,0.989013671875,5.304542541503906
2781,1997-11-26 06:00:00,1.190673828125,5.567726135253906
2793,1997-11-29 06:00:00,1.443359375,5.215187072753906
2821,1997-12-06 06:00:00,1.2471923828125,5.112159729003906
2837,1997-12-10 06:00:00,1.07177734375,4.997413635253906
2850,1997-12-13 12:00:00,0.93359375,4.793312072753906
2874,1997-12-19 12:00:00,1.1494140625,5.176124572753906
2890,1997-12-23 12:00:00,1.198974609375,5.221534729003906
2913,1997-12-29 06:00:00,1.411376953125,5.444679260253906
2925,1998-01-01 06:00:00,1.628173828125,5.875831604003906
2938,1998-01-04 12:00:00,1.5693359375,6.118019104003906
2957,1998-01-09 06:00:00,1.27392578125,5.354835510253906
2974,1998-01-13 12:00:00,1.837646484375,5.798194885253906
2993,1998-01-18 06:00:00,1.123291015625,4.817237854003906
3020,1998-01-25 00:00:00,1.457763671875,5.746437072753906
3037,1998-01-29 06:00:00,1.354248046875,5.390480041503906
3065,1998-02-05 06:00:00,1.48828125,5.623878479003906
3078,1998-02-08 12:00:00,1.339599609375,5.542335510253906
3098,1998-02-13 12:00:00,2.11328125,6.103370666503906
3134,1998-02-22 12:00:00,0.99169921875,4.327491760253906
3161,1998-03-01 06:00:00,1.239990234375,5.153663635253906
3182,1998-03-06 12:00:00,1.87548828125,6.263526916503906
3206,1998-03-12 12:00:00,1.320556640625,5.722511291503906
3226,1998-03-17 12:00:00,1.599365234375,6.140968322753906
3261,1998-03-26 06:00:00,1.2198486328125,5.189796447753906
3273,1998-03-29 06:00:00,0.900390625,4.516944885253906
3326,1998-04-11 12:00:00,1.537841796875,5.835792541503906
3353,1998-04-18 06:00:00,1.291748046875,5.225440979003906
3389,1998-04-27 06:00:00,1.423583984375,5.222023010253906
3455,1998-05-13 18:00:00,1.2545166015625,5.162452697753906
3550,1998-06-06 12:00:00,1.2294921875,4.724952697753906
3571,1998-06-11 18:00:00,0.993408203125,4.640968322753906
3599,1998-06-18 18:00:00,0.976318359375,4.223487854003906
3627,1998-06-25 18:00:00,1.53564453125,5.388038635253906
3639,1998-06-28 18:00:00,1.092529296875,4.702003479003906
3651,1998-07-01 18:00:00,1.776123046875,5.658546447753906
3663,1998-07-04 18:00:00,1.230712890625,4.779640197753906
3679,1998-07-08 18:00:00,1.162841796875,4.719581604003906
3699,1998-07-13 18:00:00,1.126708984375,4.745460510253906
3715,1998-07-17 18:00:00,1.10986328125,4.720069885253906
3739,1998-07-23 18:00:00,1.368896484375,5.116554260253906
3799,1998-08-07 18:00:00,1.21240234375,4.767921447753906
4086,1998-10-18 12:00:00,0.989501953125,5.193702697753906
4114,1998-10-25 12:00:00,1.151123046875,5.013526916503906
4145,1998-11-02 06:00:00,0.94482421875,4.403663635253906
4178,1998-11-10 12:00:00,1.06689453125,5.102394104003906
4262,1998-12-01 12:00:00,1.1142578125,5.201515197753906
4282,1998-12-06 12:00:00,0.939208984375,4.910987854003906
4402,1999-01-05 12:00:00,1.2996826171875,5.720069885253906
4414,1999-01-08 12:00:00,1.693115234375,6.101417541503906
4441,1999-01-15 06:00:00,1.660888671875,5.816749572753906
4477,1999-01-24 06:00:00,1.326171875,5.242530822753906
4490,1999-01-27 12:00:00,1.130615234375,5.106300354003906
4525,1999-02-05 06:00:00,1.410400390625,5.307472229003906
4554,1999-02-12 12:00:00,1.48486328125,5.766944885253906
4578,1999-02-18 12:00:00,1.8046875,6.261085510253906
4601,1999-02-24 06:00:00,1.464599609375,5.529640197753906
4618,1999-02-28 12:00:00,1.287109375,5.677589416503906
4649,1999-03-08 06:00:00,1.341064453125,5.586769104003906
4669,1999-03-13 06:00:00,1.200439453125,5.112159729003906
4693,1999-03-19 06:00:00,1.52099609375,5.472999572753906
4721,1999-03-26 06:00:00,1.15673828125,5.131690979003906
4746,1999-04-01 12:00:00,0.970703125,4.762062072753906
4790,1999-04-12 12:00:00,1.21044921875,5.126319885253906
4810,1999-04-17 12:00:00,1.17626953125,5.252540588378906
4845,1999-04-26 06:00:00,1.17041015625,5.045265197753906
4857,1999-04-29 06:00:00,0.921630859375,4.698585510253906
4919,1999-05-14 18:00:00,0.9404296875,4.590675354003906
5050,1999-06-16 12:00:00,1.161376953125,4.709327697753906
5075,1999-06-22 18:00:00,0.9560546875,3.961524963378906
5127,1999-07-05 18:00:00,0.9619140625,4.402198791503906
5139,1999-07-08 18:00:00,1.84130859375,5.683448791503906
5179,1999-07-18 18:00:00,1.907958984375,5.823585510253906
5191,1999-07-21 18:00:00,1.4091796875,5.172706604003906
5207,1999-07-25 18:00:00,1.32177734375,5.059425354003906
5231,1999-07-31 18:00:00,1.51806640625,5.253761291503906
5243,1999-08-03 18:00:00,1.33203125,4.961769104003906
5263,1999-08-08 18:00:00,1.513427734375,5.178565979003906
5275,1999-08-11 18:00:00,1.79931640625,5.862648010253906
5335,1999-08-26 18:00:00,0.965087890625,4.302101135253906
5585,1999-10-28 06:00:00,1.05224609375,4.818214416503906
5657,1999-11-15 06:00:00,1.083740234375,5.284034729003906
5721,1999-12-01 06:00:00,1.045654296875,4.778175354003906
5757,1999-12-10 06:00:00,1.354248046875,5.254249572753906
5794,1999-12-19 12:00:00,1.28515625,5.865577697753906
5814,1999-12-24 12:00:00,1.340576171875,5.605812072753906
5834,1999-12-29 12:00:00,0.927734375,4.568214416503906
5861,2000-01-05 06:00:00,1.501953125,5.476905822753906
5908,2000-01-17 00:00:00,1.288818359375,5.645851135253906
5950,2000-01-27 12:00:00,1.147216796875,5.252296447753906
5970,2000-02-01 12:00:00,0.917236328125,4.976417541503906
5982,2000-02-04 12:00:00,0.91064453125,4.734230041503906
6010,2000-02-11 12:00:00,1.3154296875,5.223976135253906
6062,2000-02-24 12:00:00,1.36328125,5.770851135253906
6110,2000-03-07 12:00:00,0.9775390625,4.713233947753906
6150,2000-03-17 12:00:00,1.124267578125,5.234718322753906
6166,2000-03-21 12:00:00,1.16943359375,5.271827697753906
6178,2000-03-24 12:00:00,1.68798828125,6.243507385253906
6206,2000-03-31 12:00:00,1.598876953125,5.723976135253906
6300,2000-04-24 00:00:00,0.984130859375,4.691749572753906
6334,2000-05-02 12:00:00,0.938720703125,4.917335510253906
6346,2000-05-05 12:00:00,0.966064453125,4.987648010253906
6411,2000-05-21 18:00:00,1.11669921875,4.720558166503906
6436,2000-05-28 00:00:00,1.11083984375,4.822120666503906
6471,2000-06-05 18:00:00,1.190673828125,4.739601135253906
6486,2000-06-09 12:00:00,1.18701171875,4.721534729003906
6518,2000-06-17 12:00:00,0.964111328125,5.021339416503906
6531,2000-06-20 18:00:00,0.9228515625,4.256202697753906
6555,2000-06-26 18:00:00,0.922119140625,4.297706604003906
6575,2000-07-01 18:00:00,1.57275390625,5.248390197753906
6623,2000-07-13 18:00:00,1.53955078125,5.204444885253906
6643,2000-07-18 18:00:00,1.793212890625,5.683937072753906
6655,2000-07-21 18:00:00,1.160888671875,4.750343322753906
6712,2000-08-05 00:00:00,0.903564453125,4.355812072753906
6739,2000-08-11 18:00:00,0.9033203125,4.290382385253906
6791,2000-08-24 18:00:00,0.996826171875,4.469581604003906
6811,2000-08-29 18:00:00,0.987548828125,4.327491760253906
6994,2000-10-14 12:00:00,0.957275390625,4.744972229003906
7078,2000-11-04 12:00:00,1.181640625,5.232276916503906
7094,2000-11-08 12:00:00,1.3524169921875,5.692726135253906
7129,2000-11-17 06:00:00,1.258056640625,5.214210510253906
7157,2000-11-24 06:00:00,1.152099609375,4.782081604003906
7181,2000-11-30 06:00:00,1.1953125,5.172706604003906
7214,2000-12-08 12:00:00,1.1439208984375,5.281105041503906
7257,2000-12-19 06:00:00,1.267822265625,5.198097229003906
7306,2000-12-31 12:00:00,1.166015625,5.267433166503906
7318,2001-01-03 12:00:00,1.06884765625,5.118019104003906
7333,2001-01-07 06:00:00,0.950927734375,4.712257385253906
7354,2001-01-12 12:00:00,1.184814453125,5.433937072753906
7370,2001-01-16 12:00:00,0.961669921875,4.843605041503906
7394,2001-01-22 12:00:00,0.959716796875,4.710304260253906
7434,2001-02-01 12:00:00,1.201904296875,5.225929260253906
7462,2001-02-08 12:00:00,1.364013671875,5.674659729003906
7486,2001-02-14 12:00:00,1.166748046875,5.232276916503906
7541,2001-02-28 06:00:00,1.401611328125,5.320167541503906
7553,2001-03-03 06:00:00,1.257080078125,5.204933166503906
7565,2001-03-06 06:00:00,1.623291015625,5.732765197753906
7578,2001-03-09 12:00:00,0.951171875,5.134620666503906
7614,2001-03-18 12:00:00,0.97998046875,4.935890197753906
7626,2001-03-21 12:00:00,0.953857421875,4.772315979003906
7682,2001-04-04 12:00:00,1.318115234375,5.367530822753906
7749,2001-04-21 06:00:00,1.00244140625,4.784034729003906
7793,2001-05-02 06:00:00,1.171875,4.909034729003906
7870,2001-05-21 12:00:00,0.929931640625,4.569679260253906
7891,2001-05-26 18:00:00,0.99609375,4.551612854003906
7911,2001-05-31 18:00:00,1.2418212890625,4.723976135253906
7935,2001-06-06 18:00:00,0.9912109375,4.313819885253906
7951,2001-06-10 18:00:00,1.847900390625,5.666847229003906
7967,2001-06-14 18:00:00,1.1181640625,4.712257385253906
7987,2001-06-19 18:00:00,1.196533203125,4.756202697753906
8007,2001-06-24 18:00:00,1.18603515625,4.699073791503906
8023,2001-06-28 18:00:00,1.58837890625,5.291847229003906
8035,2001-07-01 18:00:00,1.432373046875,5.196144104003906
8047,2001-07-04 18:00:00,1.392822265625,5.151710510253906
8063,2001-07-08 18:00:00,1.430419921875,5.183937072753906
8079,2001-07-12 18:00:00,1.514404296875,5.210792541503906
8095,2001-07-16 18:00:00,0.92333984375,4.317237854003906
8167,2001-08-03 18:00:00,1.249267578125,4.764503479003906
8183,2001-08-07 18:00:00,1.2236328125,4.846534729003906
8232,2001-08-20 00:00:00,1.08837890625,4.897804260253906
8251,2001-08-24 18:00:00,1.471435546875,5.196632385253906
8279,2001-08-31 18:00:00,1.092041015625,4.406105041503906
8369,2001-09-23 06:00:00,0.97900390625,4.693214416503906
8489,2001-10-23 06:00:00,1.199462890625,5.083839416503906
8501,2001-10-26 06:00:00,0.94580078125,4.738136291503906
8538,2001-11-04 12:00:00,0.944580078125,4.763526916503906
8558,2001-11-09 12:00:00,0.902587890625,4.796730041503906
8577,2001-11-14 06:00:00,1.069091796875,4.987648010253906
8602,2001-11-20 12:00:00,1.0732421875,5.260841369628906
8626,2001-11-26 12:00:00,1.014892578125,5.134864807128906
8645,2001-12-01 06:00:00,1.190673828125,5.118019104003906
8657,2001-12-04 06:00:00,0.9228515625,4.729835510253906
8693,2001-12-13 06:00:00,1.6474609375,5.732765197753906
8713,2001-12-18 06:00:00,1.72216796875,5.746925354003906
8725,2001-12-21 06:00:00,0.958740234375,4.484718322753906
8749,2001-12-27 06:00:00,1.5107421875,5.713722229003906
8768,2002-01-01 00:00:00,1.45654296875,5.855812072753906
8790,2002-01-06 12:00:00,1.351318359375,5.785011291503906
8815,2002-01-12 18:00:00,1.2265625,4.769874572753906
8842,2002-01-19 12:00:00,1.304931640625,5.608253479003906
8878,2002-01-28 12:00:00,1.262451171875,5.460304260253906
8894,2002-02-01 12:00:00,1.438232421875,5.633644104003906
8914,2002-02-06 12:00:00,1.385986328125,5.785499572753906
8935,2002-02-11 18:00:00,1.6611328125,6.147804260253906
8962,2002-02-18 12:00:00,1.267578125,5.244972229003906
8982,2002-02-23 12:00:00,1.7314453125,6.284034729003906
8994,2002-02-26 12:00:00,1.11279296875,5.175636291503906
9018,2002-03-04 12:00:00,1.2724609375,5.571144104003906
9030,2002-03-07 12:00:00,1.09130859375,5.189308166503906
9042,2002-03-10 12:00:00,0.904541015625,4.649269104003906
9054,2002-03-13 12:00:00,1.252685546875,5.429542541503906
9069,2002-03-17 06:00:00,1.735595703125,5.716651916503906
9133,2002-04-02 06:00:00,1.5009765625,5.633155822753906
9154,2002-04-07 12:00:00,0.93017578125,4.800636291503906
9166,2002-04-10 12:00:00,1.4736328125,5.938331604003906
9201,2002-04-19 06:00:00,1.3427734375,5.206886291503906
9386,2002-06-04 12:00:00,0.995361328125,4.306739807128906
9431,2002-06-15 18:00:00,1.34716796875,4.861671447753906
9447,2002-06-19 18:00:00,1.03125,4.730812072753906
9462,2002-06-23 12:00:00,1.56591796875,5.191261291503906
9475,2002-06-26 18:00:00,0.919921875,4.327003479003906
9495,2002-07-01 18:00:00,1.33984375,5.009132385253906
9543,2002-07-13 18:00:00,1.0302734375,4.708839416503906
9567,2002-07-19 18:00:00,0.986572265625,4.273780822753906
9599,2002-07-27 18:00:00,1.113525390625,4.743507385253906
9639,2002-08-06 18:00:00,1.24462890625,4.744972229003906
9655,2002-08-10 18:00:00,1.212646484375,4.736183166503906
9679,2002-08-16 18:00:00,1.326416015625,4.818702697753906
9699,2002-08-21 18:00:00,1.1864013671875,4.703956604003906
9865,2002-10-02 06:00:00,0.9482421875,4.334815979003906
9926,2002-10-17 12:00:00,1.210205078125,5.190773010253906
9941,2002-10-21 06:00:00,0.9970703125,4.715187072753906
9953,2002-10-24 06:00:00,1.14404296875,5.010597229003906
9997,2002-11-04 06:00:00,0.9921875,4.659034729003906
10045,2002-11-16 06:00:00,1.0670166015625,4.695167541503906
10065,2002-11-21 06:00:00,0.989013671875,4.763282775878906
10097,2002-11-29 06:00:00,1.300048828125,5.170753479003906
10122,2002-12-05 12:00:00,1.088134765625,5.258155822753906
10142,2002-12-10 12:00:00,1.109130859375,5.173194885253906
10158,2002-12-14 12:00:00,1.220947265625,5.311378479003906
10226,2002-12-31 12:00:00,1.230224609375,5.725929260253906
10238,2003-01-03 12:00:00,1.05517578125,5.247901916503906
10254,2003-01-07 12:00:00,0.971923828125,4.783546447753906
10282,2003-01-14 12:00:00,1.090576171875,5.280616760253906
10310,2003-01-21 12:00:00,1.59716796875,6.061378479003906
10337,2003-01-28 06:00:00,1.3193359375,5.254249572753906
10365,2003-02-04 06:00:00,1.6907958984375,5.701026916503906
10400,2003-02-13 00:00:00,1.447509765625,5.588233947753906
10429,2003-02-20 06:00:00,1.38720703125,5.285011291503906
10462,2003-02-28 12:00:00,1.10498046875,4.668312072753906
10477,2003-03-04 06:00:00,1.79736328125,6.084815979003906
10489,2003-03-07 06:00:00,1.288330078125,5.268898010253906
10502,2003-03-10 12:00:00,0.9150390625,4.701026916503906
10526,2003-03-16 12:00:00,1.021240234375,4.864112854003906
10565,2003-03-26 06:00:00,1.474365234375,5.343605041503906
10585,2003-03-31 06:00:00,1.007568359375,4.786964416503906
10614,2003-04-07 12:00:00,1.952392578125,6.241065979003906
10637,2003-04-13 06:00:00,1.241455078125,5.169776916503906
10741,2003-05-09 06:00:00,1.203857421875,5.145851135253906
10754,2003-05-12 12:00:00,0.923828125,4.722511291503906
10883,2003-06-13 18:00:00,1.119384765625,4.693214416503906
10899,2003-06-17 18:00:00,0.97021484375,4.668312072753906
10919,2003-06-22 18:00:00,1.638427734375,5.709815979003906
10939,2003-06-27 18:00:00,1.07470703125,4.718116760253906
10963,2003-07-03 18:00:00,1.610107421875,5.148780822753906
10975,2003-07-06 18:00:00,0.9365234375,4.363136291503906
10988,2003-07-10 00:00:00,1.445068359375,5.491554260253906
11003,2003-07-13 18:00:00,1.977783203125,5.737648010253906
11019,2003-07-17 18:00:00,1.516357421875,5.177589416503906
11031,2003-07-20 18:00:00,1.7431640625,5.608253479003906
11047,2003-07-24 18:00:00,1.907470703125,5.738624572753906
11063,2003-07-28 18:00:00,1.297607421875,5.017921447753906
11083,2003-08-02 18:00:00,1.304443359375,5.100440979003906
11171,2003-08-24 18:00:00,1.0263671875,4.407081604003906
11183,2003-08-27 18:00:00,1.175537109375,4.728858947753906
11207,2003-09-02 18:00:00,1.156005859375,4.708839416503906
11219,2003-09-05 18:00:00,1.061279296875,4.389503479003906
11333,2003-10-04 06:00:00,1.1240234375,4.808448791503906
11373,2003-10-14 06:00:00,1.2938232421875,5.248634338378906
11386,2003-10-17 12:00:00,1.132080078125,5.171241760253906
11398,2003-10-20 12:00:00,0.9554443359375,4.778663635253906
11434,2003-10-29 12:00:00,1.2724609375,5.631202697753906
11462,2003-11-05 12:00:00,0.98388671875,5.109230041503906
11482,2003-11-10 12:00:00,1.494140625,5.953468322753906
11506,2003-11-16 12:00:00,0.939697265625,4.720069885253906
11522,2003-11-20 12:00:00,1.385498046875,5.792823791503906
11541,2003-11-25 06:00:00,1.614501953125,5.704933166503906
11562,2003-11-30 12:00:00,1.216796875,5.620460510253906
11629,2003-12-17 06:00:00,1.0830078125,5.120460510253906
11646,2003-12-21 12:00:00,0.916748046875,4.801124572753906
11658,2003-12-24 12:00:00,1.21826171875,5.354347229003906
11674,2003-12-28 12:00:00,1.03857421875,5.083351135253906
11697,2004-01-03 06:00:00,1.423095703125,5.657081604003906
11717,2004-01-08 06:00:00,1.804931640625,6.180030822753906
11729,2004-01-11 06:00:00,1.295654296875,5.229347229003906
11754,2004-01-17 12:00:00,1.336181640625,5.360206604003906
11774,2004-01-22 12:00:00,1.6162109375,5.869483947753906
11837,2004-02-07 06:00:00,1.065185546875,4.689308166503906
11857,2004-02-12 06:00:00,1.624267578125,5.743507385253906
11898,2004-02-22 12:00:00,1.015869140625,5.132667541503906
11950,2004-03-06 12:00:00,1.120361328125,5.006202697753906
11978,2004-03-13 12:00:00,0.9501953125,4.750343322753906
12018,2004-03-23 12:00:00,1.1748046875,4.853858947753906
12034,2004-03-27 12:00:00,1.718017578125,6.181495666503906
12065,2004-04-04 06:00:00,1.61181640625,5.580421447753906
12094,2004-04-11 12:00:00,1.1826171875,5.212745666503906
12145,2004-04-24 06:00:00,0.9217529296875,4.657081604003906
12161,2004-04-28 06:00:00,1.010986328125,4.819190979003906
12258,2004-05-22 12:00:00,0.9306640625,4.341651916503906
12344,2004-06-13 00:00:00,1.648193359375,5.446144104003906
12407,2004-06-28 18:00:00,1.01708984375,4.626808166503906
12435,2004-07-05 18:00:00,1.14208984375,4.656593322753906
12491,2004-07-19 18:00:00,1.2392578125,4.754737854003906
12511,2004-07-24 18:00:00,1.257568359375,4.801368713378906
12523,2004-07-27 18:00:00,1.87060546875,5.687355041503906
12535,2004-07-30 18:00:00,1.2303466796875,4.759132385253906
12563,2004-08-06 18:00:00,1.726806640625,5.671241760253906
12575,2004-08-09 18:00:00,0.91943359375,4.295265197753906
12591,2004-08-13 18:00:00,0.90185546875,4.289405822753906
12607,2004-08-17 18:00:00,1.796875,5.615577697753906
12627,2004-08-22 18:00:00,1.75537109375,5.662940979003906
12826,2004-10-11 12:00:00,1.20751953125,5.393165588378906
12838,2004-10-14 12:00:00,1.1484375,5.250831604003906
12868,2004-10-22 00:00:00,0.95166015625,5.054542541503906
12882,2004-10-25 12:00:00,1.01953125,4.851417541503906
12913,2004-11-02 06:00:00,1.3624267578125,5.212745666503906
12958,2004-11-13 12:00:00,1.0712890625,4.866554260253906
13046,2004-12-05 12:00:00,1.505859375,6.043312072753906
13060,2004-12-09 00:00:00,1.130126953125,5.293800354003906
13077,2004-12-13 06:00:00,1.013671875,4.805519104003906
13102,2004-12-19 12:00:00,1.015380859375,5.132667541503906
13126,2004-12-25 12:00:00,1.57861328125,5.718116760253906
13150,2004-12-31 12:00:00,1.24072265625,5.256202697753906
13162,2005-01-03 12:00:00,0.927734375,4.674659729003906
13205,2005-01-14 06:00:00,1.507568359375,5.776710510253906
13225,2005-01-19 06:00:00,1.4833984375,5.488136291503906
13237,2005-01-22 06:00:00,1.689208984375,5.707374572753906
13266,2005-01-29 12:00:00,1.20556640625,5.182960510253906
13278,2005-02-01 12:00:00,1.64453125,6.075050354003906
13322,2005-02-12 12:00:00,1.1953125,5.231300354003906
13334,2005-02-15 12:00:00,1.159912109375,5.239112854003906
13346,2005-02-18 12:00:00,1.3359375,5.495460510253906
13358,2005-02-21 12:00:00,1.62109375,5.963722229003906
13373,2005-02-25 06:00:00,1.56396484375,5.683448791503906
13402,2005-03-04 12:00:00,1.7607421875,6.208839416503906
13417,2005-03-08 06:00:00,1.277099609375,5.163917541503906
13430,2005-03-11 12:00:00,1.745361328125,6.130226135253906
13505,2005-03-30 06:00:00,0.98095703125,4.641944885253906
13542,2005-04-08 12:00:00,0.9267578125,4.418312072753906
13557,2005-04-12 06:00:00,1.608154296875,5.787940979003906
13577,2005-04-17 06:00:00,1.474853515625,5.441749572753906
13592,2005-04-21 00:00:00,1.02099609375,5.265480041503906
13605,2005-04-24 06:00:00,1.04443359375,5.115577697753906
13654,2005-05-06 12:00:00,1.548828125,5.273780822753906
13705,2005-05-19 06:00:00,0.959716796875,4.444190979003906
13751,2005-05-30 18:00:00,1.032958984375,4.686378479003906
13799,2005-06-11 18:00:00,1.355224609375,5.131202697753906
13835,2005-06-20 18:00:00,1.1865234375,4.733253479003906
13855,2005-06-25 18:00:00,1.01513671875,4.328468322753906
13875,2005-06-30 18:00:00,1.866943359375,5.661476135253906
13887,2005-07-03 18:00:00,1.025146484375,4.687355041503906
13903,2005-07-07 18:00:00,1.035400390625,4.533546447753906
13915,2005-07-10 18:00:00,1.62744140625,5.453468322753906
13927,2005-07-13 18:00:00,1.26611328125,4.770851135253906
13943,2005-07-17 18:00:00,1.738525390625,5.618019104003906
13983,2005-07-27 18:00:00,1.42578125,5.161720275878906
13999,2005-07-31 18:00:00,1.162109375,4.736671447753906
14011,2005-08-03 18:00:00,1.357177734375,4.796974182128906
14031,2005-08-08 18:00:00,1.58935546875,5.229103088378906
14175,2005-09-13 18:00:00,1.2216796875,4.810890197753906
14306,2005-10-16 12:00:00,0.9522705078125,4.724464416503906
14330,2005-10-22 12:00:00,0.956298828125,5.132667541503906
14393,2005-11-07 06:00:00,0.91650390625,4.660499572753906
14425,2005-11-15 06:00:00,1.386474609375,5.225929260253906
14453,2005-11-22 06:00:00,1.164794921875,4.940284729003906
14549,2005-12-16 06:00:00,1.31689453125,5.181007385253906
14582,2005-12-24 12:00:00,1.315673828125,5.559425354003906
14602,2005-12-29 12:00:00,0.96044921875,5.177589416503906
14614,2006-01-01 12:00:00,1.1937255859375,5.309425354003906
14626,2006-01-04 12:00:00,1.814208984375,6.392921447753906
14642,2006-01-08 12:00:00,1.456298828125,5.718605041503906
14654,2006-01-11 12:00:00,1.162353515625,5.207862854003906
14693,2006-01-21 06:00:00,1.267333984375,5.419776916503906
14714,2006-01-26 12:00:00,1.538330078125,5.921241760253906
14734,2006-01-31 12:00:00,1.303955078125,5.246925354003906
14746,2006-02-03 12:00:00,2.099853515625,6.694679260253906
14769,2006-02-09 06:00:00,1.59130859375,5.710304260253906
14786,2006-02-13 12:00:00,1.122802734375,5.119972229003906
14814,2006-02-20 12:00:00,1.027587890625,5.161964416503906
14842,2006-02-27 12:00:00,1.58349609375,5.963722229003906
14882,2006-03-09 12:00:00,1.19482421875,5.206398010253906
14898,2006-03-13 12:00:00,0.9287109375,4.688087463378906
14950,2006-03-26 12:00:00,1.44970703125,5.685401916503906
14966,2006-03-30 12:00:00,1.050537109375,4.385597229003906
15010,2006-04-10 12:00:00,1.04638671875,4.780128479003906
15053,2006-04-21 06:00:00,1.158935546875,4.794776916503906
15090,2006-04-30 12:00:00,1.001953125,4.929054260253906
15198,2006-05-27 12:00:00,1.302978515625,5.110206604003906
15219,2006-06-01 18:00:00,1.160400390625,4.796241760253906
15291,2006-06-19 18:00:00,1.017578125,4.350440979003906
15306,2006-06-23 12:00:00,1.705810546875,5.562843322753906
15323,2006-06-27 18:00:00,1.01171875,4.268898010253906
15335,2006-06-30 18:00:00,1.30810546875,5.085792541503906
15347,2006-07-03 18:00:00,1.013427734375,4.371437072753906
15375,2006-07-10 18:00:00,1.81396484375,5.713722229003906
15391,2006-07-14 18:00:00,1.288818359375,5.064796447753906
15403,2006-07-17 18:00:00,1.00927734375,4.640968322753906
15419,2006-07-21 18:00:00,1.75048828125,5.545753479003906
15479,2006-08-05 18:00:00,1.103271484375,4.748878479003906
15535,2006-08-19 18:00:00,1.093994140625,4.758644104003906
15598,2006-09-04 12:00:00,0.910888671875,4.339698791503906
15749,2006-10-12 06:00:00,1.07861328125,5.196632385253906
15769,2006-10-17 06:00:00,1.56201171875,5.639015197753906
15782,2006-10-20 12:00:00,0.929931640625,4.886085510253906
15806,2006-10-26 12:00:00,1.27587890625,5.784523010253906
15821,2006-10-30 06:00:00,1.430419921875,5.349952697753906
15870,2006-11-11 12:00:00,0.971435546875,5.048683166503906
15970,2006-12-06 12:00:00,1.113525390625,5.335304260253906
16009,2006-12-16 06:00:00,1.180908203125,5.136085510253906
16026,2006-12-20 12:00:00,0.906494140625,4.859718322753906
16054,2006-12-27 12:00:00,1.10791015625,5.213722229003906
16082,2007-01-03 12:00:00,1.549560546875,6.010597229003906
16113,2007-01-11 06:00:00,1.5234375,5.715187072753906
16150,2007-01-20 12:00:00,1.57861328125,6.018898010253906
16174,2007-01-26 12:00:00,1.536376953125,6.057472229003906
16189,2007-01-30 06:00:00,1.49365234375,5.664894104003906
16210,2007-02-04 12:00:00,1.138427734375,5.196632385253906
16238,2007-02-11 12:00:00,1.001220703125,5.040382385253906
16281,2007-02-22 06:00:00,1.321044921875,5.151710510253906
16310,2007-03-01 12:00:00,1.367919921875,5.464698791503906
16326,2007-03-05 12:00:00,1.486572265625,5.833351135253906
16338,2007-03-08 12:00:00,1.145751953125,5.177101135253906
16366,2007-03-15 12:00:00,1.314697265625,5.601417541503906
16380,2007-03-19 00:00:00,1.741943359375,5.747413635253906
16402,2007-03-24 12:00:00,1.8046875,6.227149963378906
16417,2007-03-28 06:00:00,0.902099609375,4.681495666503906
16442,2007-04-03 12:00:00,1.39599609375,5.794776916503906
16470,2007-04-10 12:00:00,1.13623046875,5.214210510253906
16489,2007-04-15 06:00:00,1.129150390625,4.684913635253906
16530,2007-04-25 12:00:00,1.466796875,5.674171447753906
16553,2007-05-01 06:00:00,1.287841796875,5.179054260253906
16615,2007-05-16 18:00:00,1.106689453125,4.680519104003906
16691,2007-06-04 18:00:00,1.30908203125,5.059913635253906
16734,2007-06-15 12:00:00,1.333251953125,4.828956604003906
16746,2007-06-18 12:00:00,1.89306640625,5.720802307128906
16759,2007-06-21 18:00:00,1.39404296875,5.185401916503906
16787,2007-06-28 18:00:00,1.123046875,4.727882385253906
16799,2007-07-01 18:00:00,1.487060546875,5.189308166503906
16823,2007-07-07 18:00:00,1.37060546875,5.152687072753906
16839,2007-07-11 18:00:00,1.0,4.520851135253906
16851,2007-07-14 18:00:00,1.19921875,4.984474182128906
16871,2007-07-19 18:00:00,1.48291015625,5.366065979003906
16887,2007-07-23 18:00:00,1.37939453125,4.809913635253906
16899,2007-07-26 18:00:00,1.594482421875,5.268409729003906
16931,2007-08-03 18:00:00,0.939208984375,4.636573791503906
16943,2007-08-06 18:00:00,1.436279296875,5.197120666503906
16963,2007-08-11 18:00:00,1.37548828125,4.803565979003906
16987,2007-08-17 18:00:00,1.01416015625,4.577980041503906
17015,2007-08-24 18:00:00,1.50830078125,5.281593322753906
17047,2007-09-01 18:00:00,1.204345703125,4.726417541503906
17059,2007-09-04 18:00:00,0.996337890625,4.362159729003906
17071,2007-09-07 18:00:00,1.72021484375,5.561134338378906
17083,2007-09-10 18:00:00,1.076904296875,4.618019104003906
17137,2007-09-24 06:00:00,1.11181640625,4.764015197753906
17213,2007-10-13 06:00:00,1.509765625,5.677833557128906
17225,2007-10-16 06:00:00,0.90869140625,4.800636291503906
17241,2007-10-20 06:00:00,1.222900390625,5.264015197753906
17305,2007-11-05 06:00:00,0.99169921875,4.722999572753906
17369,2007-11-21 06:00:00,1.318115234375,5.362648010253906
17401,2007-11-29 06:00:00,0.964111328125,4.764015197753906
17421,2007-12-04 06:00:00,1.24072265625,5.176124572753906
17433,2007-12-07 06:00:00,1.072021484375,5.202003479003906
17466,2007-12-15 12:00:00,1.171142578125,5.251319885253906
17518,2007-12-28 12:00:00,0.91455078125,4.969581604003906
17533,2008-01-01 06:00:00,1.454345703125,5.603370666503906
17545,2008-01-04 06:00:00,1.09521484375,5.101417541503906
17573,2008-01-11 06:00:00,1.6416015625,5.715187072753906
17598,2008-01-17 12:00:00,1.6953125,6.179542541503906
17610,2008-01-20 12:00:00,1.18408203125,5.167335510253906
17657,2008-02-01 06:00:00,1.4833984375,5.352882385253906
17678,2008-02-06 12:00:00,1.87060546875,6.304054260253906
17693,2008-02-10 06:00:00,1.09912109375,5.038429260253906
17725,2008-02-18 06:00:00,1.37451171875,5.497901916503906
17753,2008-02-25 06:00:00,1.621337890625,5.919776916503906
17774,2008-03-01 12:00:00,0.903564453125,4.546485900878906
17798,2008-03-07 12:00:00,1.322998046875,5.534523010253906
17814,2008-03-11 12:00:00,1.14501953125,5.168800354003906
17838,2008-03-17 12:00:00,1.01513671875,4.856300354003906
17882,2008-03-28 12:00:00,1.544677734375,6.156105041503906
17914,2008-04-05 12:00:00,1.015869140625,5.125831604003906
17926,2008-04-08 12:00:00,1.13818359375,5.264503479003906
17994,2008-04-25 12:00:00,0.982177734375,4.715187072753906
18171,2008-06-08 18:00:00,1.107177734375,4.711769104003906
18187,2008-06-12 18:00:00,0.98046875,4.319679260253906
18203,2008-06-16 18:00:00,0.98828125,4.326515197753906
18215,2008-06-19 18:00:00,1.09326171875,4.358741760253906
18243,2008-06-26 18:00:00,0.949462890625,4.337745666503906
18255,2008-06-29 18:00:00,1.609130859375,5.559425354003906
18279,2008-07-05 18:00:00,0.958251953125,4.118995666503906
18291,2008-07-08 18:00:00,0.90869140625,3.953956604003906
18323,2008-07-16 18:00:00,1.265380859375,4.756202697753906
18335,2008-07-19 18:00:00,1.409912109375,4.865577697753906
18351,2008-07-23 18:00:00,1.153076171875,4.695655822753906
18363,2008-07-26 18:00:00,1.92919921875,5.670265197753906
18375,2008-07-29 18:00:00,1.910888671875,5.730812072753906
18391,2008-08-02 18:00:00,1.505859375,5.231300354003906
18403,2008-08-05 18:00:00,1.72900390625,5.510353088378906
18415,2008-08-08 18:00:00,1.342529296875,4.840675354003906
18435,2008-08-13 18:00:00,1.2822265625,4.726905822753906
18455,2008-08-18 18:00:00,1.068115234375,4.329444885253906
18665,2008-10-10 06:00:00,1.11962890625,5.089698791503906
18681,2008-10-14 06:00:00,1.20458984375,5.133644104003906
18757,2008-11-02 06:00:00,1.3095703125,5.241798400878906
18818,2008-11-17 12:00:00,1.078857421875,5.203468322753906
18842,2008-11-23 12:00:00,0.9365234375,4.789649963378906
18886,2008-12-04 12:00:00,1.142822265625,5.435401916503906
18909,2008-12-10 06:00:00,1.1705322265625,5.163429260253906
18953,2008-12-21 06:00:00,1.466064453125,5.603370666503906
18993,2008-12-31 06:00:00,1.18994140625,5.170753479003906
19034,2009-01-10 12:00:00,0.9384765625,4.890968322753906
19054,2009-01-15 12:00:00,1.233642578125,5.296730041503906
19066,2009-01-18 12:00:00,1.948974609375,6.395362854003906
19090,2009-01-24 12:00:00,1.350830078125,5.384132385253906
19117,2009-01-31 06:00:00,1.29345703125,5.311622619628906
19142,2009-02-06 12:00:00,1.56982421875,5.736183166503906
19158,2009-02-10 12:00:00,1.158447265625,5.245216369628906
19174,2009-02-14 12:00:00,1.4765625,5.708351135253906
19201,2009-02-21 06:00:00,1.306396484375,5.232765197753906
19214,2009-02-24 12:00:00,0.967529296875,4.876319885253906
19237,2009-03-02 06:00:00,1.3837890625,5.156593322753906
19258,2009-03-07 12:00:00,1.358642578125,5.729835510253906
19277,2009-03-12 06:00:00,1.5556640625,5.694190979003906
19290,2009-03-15 12:00:00,1.0126953125,5.024513244628906
19333,2009-03-26 06:00:00,1.0947265625,4.900733947753906
19365,2009-04-03 06:00:00,1.506591796875,5.743019104003906
19390,2009-04-09 12:00:00,1.007568359375,4.776710510253906
19450,2009-04-24 12:00:00,1.1170654296875,5.111183166503906
19462,2009-04-27 12:00:00,1.01611328125,4.973731994628906
19477,2009-05-01 06:00:00,1.0908203125,4.733253479003906
19502,2009-05-07 12:00:00,0.978271484375,4.723487854003906
19575,2009-05-25 18:00:00,1.0582275390625,4.687843322753906
19661,2009-06-16 06:00:00,1.001708984375,4.638038635253906
19739,2009-07-05 18:00:00,1.785400390625,5.660011291503906
19760,2009-07-11 00:00:00,1.01416015625,4.666358947753906
19779,2009-07-15 18:00:00,1.554931640625,5.264991760253906
19803,2009-07-21 18:00:00,1.36669921875,5.147315979003906
19815,2009-07-24 18:00:00,0.927734375,4.021827697753906
19839,2009-07-30 18:00:00,1.20654296875,4.763038635253906
19863,2009-08-05 18:00:00,1.206298828125,4.720558166503906
19879,2009-08-09 18:00:00,0.989990234375,4.356788635253906
19891,2009-08-12 18:00:00,1.287109375,4.756690979003906
19903,2009-08-15 18:00:00,1.05859375,4.368507385253906
19983,2009-09-04 18:00:00,0.96484375,4.373390197753906
19999,2009-09-08 18:00:00,1.13037109375,4.710792541503906
20021,2009-09-14 06:00:00,0.94580078125,5.093116760253906
20098,2009-10-03 12:00:00,1.02099609375,4.646827697753906
20157,2009-10-18 06:00:00,0.981689453125,4.787940979003906
20181,2009-10-24 06:00:00,1.548095703125,5.524757385253906
20193,2009-10-27 06:00:00,1.243896484375,5.135108947753906
20205,2009-10-30 06:00:00,1.119384765625,4.937843322753906
20226,2009-11-04 12:00:00,0.97509765625,4.807472229003906
20273,2009-11-16 06:00:00,1.1435546875,4.877784729003906
20297,2009-11-22 06:00:00,1.007080078125,4.682960510253906
20310,2009-11-25 12:00:00,1.470703125,5.704444885253906
20341,2009-12-03 06:00:00,1.313232421875,5.207862854003906
20360,2009-12-08 00:00:00,1.08056640625,5.153663635253906
20374,2009-12-11 12:00:00,1.109619140625,5.204933166503906
20398,2009-12-17 12:00:00,1.331298828125,5.469581604003906
20410,2009-12-20 12:00:00,0.93017578125,4.806983947753906
20422,2009-12-23 12:00:00,1.19921875,5.514015197753906
20470,2010-01-04 12:00:00,1.472900390625,5.829933166503906
20486,2010-01-08 12:00:00,1.0162353515625,5.106300354003906
20506,2010-01-13 12:00:00,1.552490234375,5.840675354003906
20526,2010-01-18 12:00:00,1.35302734375,5.657081604003906
20569,2010-01-29 06:00:00,1.599365234375,5.647804260253906
20593,2010-02-04 06:00:00,1.343017578125,5.499366760253906
20629,2010-02-13 06:00:00,1.434326171875,5.507667541503906
20641,2010-02-16 06:00:00,1.55029296875,5.771827697753906
20653,2010-02-19 06:00:00,0.93994140625,4.569679260253906
20677,2010-02-25 06:00:00,1.1815185546875,4.800148010253906
20741,2010-03-13 06:00:00,1.071533203125,4.772315979003906
20754,2010-03-16 12:00:00,0.908447265625,4.670265197753906
20766,2010-03-19 12:00:00,0.96728515625,5.045265197753906
20825,2010-04-03 06:00:00,1.1318359375,4.788429260253906
20842,2010-04-07 12:00:00,1.105224609375,5.165382385253906
20865,2010-04-13 06:00:00,1.277587890625,5.171241760253906
20925,2010-04-28 06:00:00,1.3603515625,5.200050354003906
20938,2010-05-01 12:00:00,0.953857421875,4.920753479003906
20985,2010-05-13 06:00:00,0.94677734375,4.614601135253906
21099,2010-06-10 18:00:00,1.224853515625,5.003273010253906
21118,2010-06-15 12:00:00,1.498779296875,5.199073791503906
21139,2010-06-20 18:00:00,1.276611328125,4.897804260253906
21163,2010-06-26 18:00:00,1.07275390625,4.375343322753906
21175,2010-06-29 18:00:00,1.103271484375,4.658058166503906
21187,2010-07-02 18:00:00,0.927001953125,4.268409729003906
21199,2010-07-05 18:00:00,1.5673828125,5.232276916503906
21247,2010-07-17 18:00:00,0.956298828125,4.660987854003906
21260,2010-07-21 00:00:00,1.0023193359375,4.877784729003906
21272,2010-07-24 00:00:00,1.156005859375,4.965919494628906
21287,2010-07-27 18:00:00,1.868408203125,5.695167541503906
21303,2010-07-31 18:00:00,1.222412109375,5.101905822753906
21319,2010-08-04 18:00:00,1.21435546875,4.739601135253906
21371,2010-08-17 18:00:00,0.950927734375,4.466651916503906
21400,2010-08-25 00:00:00,1.0533447265625,4.996925354003906
21415,2010-08-28 18:00:00,1.0087890625,4.338722229003906
21443,2010-09-04 18:00:00,0.96044921875,4.642921447753906
21459,2010-09-08 18:00:00,1.2138671875,4.670265197753906
21541,2010-09-29 06:00:00,0.944091796875,4.661964416503906
21658,2010-10-28 12:00:00,1.014892578125,4.844337463378906
21682,2010-11-03 12:00:00,0.94482421875,4.841651916503906
21710,2010-11-10 12:00:00,0.917724609375,4.723976135253906
21722,2010-11-13 12:00:00,1.072021484375,4.913429260253906
21738,2010-11-17 12:00:00,1.045654296875,5.102394104003906
21762,2010-11-23 12:00:00,0.9698486328125,4.802101135253906
21774,2010-11-26 12:00:00,1.373779296875,5.858741760253906
21818,2010-12-07 12:00:00,1.0185546875,5.013526916503906
21830,2010-12-10 12:00:00,0.9202880859375,4.916358947753906
21858,2010-12-17 12:00:00,0.93994140625,4.707374572753906
21873,2010-12-21 06:00:00,0.96142578125,4.627296447753906
21909,2010-12-30 06:00:00,1.8134765625,6.273292541503906
21930,2011-01-04 12:00:00,1.26513671875,5.511573791503906
21974,2011-01-15 12:00:00,1.687255859375,5.940773010253906
21986,2011-01-18 12:00:00,1.030029296875,4.813331604003906
22014,2011-01-25 12:00:00,1.842041015625,6.334815979003906
22034,2011-01-30 12:00:00,1.156005859375,5.168800354003906
22058,2011-02-05 12:00:00,1.073486328125,5.076759338378906
22070,2011-02-08 12:00:00,0.978271484375,4.738136291503906
22086,2011-02-12 12:00:00,0.979736328125,4.576515197753906
22118,2011-02-20 12:00:00,1.4619140625,5.750831604003906
22130,2011-02-23 12:00:00,1.34228515625,5.656105041503906
22142,2011-02-26 12:00:00,1.24365234375,5.283058166503906
22174,2011-03-06 12:00:00,1.8251953125,6.301612854003906
22189,2011-03-10 06:00:00,1.28662109375,5.213478088378906
22274,2011-03-31 12:00:00,1.224365234375,5.174659729003906
22290,2011-04-04 12:00:00,1.23095703125,5.223976135253906
22325,2011-04-13 06:00:00,1.114013671875,4.909523010253906
22341,2011-04-17 06:00:00,0.9921875,4.774269104003906
22354,2011-04-20 12:00:00,0.923583984375,4.743507385253906
22498,2011-05-26 12:00:00,0.93359375,4.342628479003906
22515,2011-05-30 18:00:00,0.958251953125,4.495948791503906
22527,2011-06-02 18:00:00,1.1435546875,4.858253479003906
22555,2011-06-09 18:00:00,0.964111328125,4.316505432128906
22567,2011-06-12 18:00:00,1.864013671875,5.672462463378906
22611,2011-06-23 18:00:00,1.03515625,4.691749572753906
22639,2011-06-30 18:00:00,1.898193359375,5.818702697753906
22651,2011-07-03 18:00:00,1.087158203125,4.315773010253906
22667,2011-07-07 18:00:00,1.705322265625,5.591651916503906
22691,2011-07-13 18:00:00,1.330078125,4.748390197753906
22711,2011-07-18 18:00:00,1.3232421875,4.967628479003906
22732,2011-07-24 00:00:00,1.702880859375,5.691749572753906
22747,2011-07-27 18:00:00,0.99658203125,4.388038635253906
22799,2011-08-09 18:00:00,0.974365234375,4.609230041503906
22815,2011-08-13 18:00:00,1.244384765625,4.775245666503906
22835,2011-08-18 18:00:00,1.330078125,5.029640197753906
22847,2011-08-21 18:00:00,1.227294921875,4.794776916503906
22859,2011-08-24 18:00:00,1.058349609375,4.601905822753906
22875,2011-08-28 18:00:00,0.971435546875,4.386085510253906
22891,2011-09-01 18:00:00,1.540283203125,5.198585510253906
22903,2011-09-04 18:00:00,1.411376953125,5.145362854003906
22919,2011-09-08 18:00:00,0.990478515625,4.308448791503906
22939,2011-09-13 18:00:00,1.099609375,4.706398010253906
23057,2011-10-13 06:00:00,1.17529296875,5.196144104003906
23114,2011-10-27 12:00:00,0.966064453125,5.162940979003906
23135,2011-11-01 18:00:00,1.00634765625,4.612648010253906
23185,2011-11-14 06:00:00,1.080322265625,5.023292541503906
23197,2011-11-17 06:00:00,0.971435546875,4.805519104003906
23290,2011-12-10 12:00:00,1.052490234375,5.149757385253906
23312,2011-12-16 00:00:00,1.009521484375,4.818702697753906
23338,2011-12-22 12:00:00,1.03271484375,5.200538635253906
23381,2012-01-02 06:00:00,0.912841796875,4.669288635253906
23408,2012-01-09 00:00:00,1.2275390625,5.503761291503906
23420,2012-01-12 00:00:00,1.094970703125,5.237648010253906
23458,2012-01-21 12:00:00,1.329833984375,4.784523010253906
23478,2012-01-26 12:00:00,1.328857421875,5.710304260253906
23498,2012-01-31 12:00:00,1.90966796875,6.302589416503906
23518,2012-02-05 12:00:00,1.0361328125,4.808937072753906
23530,2012-02-08 12:00:00,1.66748046875,6.285011291503906
23550,2012-02-13 12:00:00,0.902099609375,4.587013244628906
23565,2012-02-17 06:00:00,1.2490234375,5.155128479003906
23597,2012-02-25 06:00:00,1.446533203125,5.340187072753906
23628,2012-03-04 00:00:00,1.595947265625,5.486671447753906
23650,2012-03-09 12:00:00,0.9140625,5.045753479003906
23670,2012-03-14 12:00:00,1.2120361328125,5.322608947753906
23698,2012-03-21 12:00:00,1.527099609375,6.164894104003906
23714,2012-03-25 12:00:00,1.093994140625,5.160499572753906
23726,2012-03-28 12:00:00,1.25,5.588233947753906
23761,2012-04-06 06:00:00,0.977783203125,4.727394104003906
23777,2012-04-10 06:00:00,1.251220703125,5.148292541503906
23801,2012-04-16 06:00:00,1.036865234375,5.049659729003906
23822,2012-04-21 12:00:00,1.00390625,4.914405822753906
23849,2012-04-28 06:00:00,1.07080078125,4.690773010253906
23870,2012-05-03 12:00:00,1.5762939453125,5.920265197753906
23929,2012-05-18 06:00:00,1.11328125,4.942237854003906
23988,2012-06-02 00:00:00,0.94091796875,4.645362854003906
24015,2012-06-08 18:00:00,1.150634765625,4.701515197753906
24031,2012-06-12 18:00:00,1.03173828125,4.360694885253906
24075,2012-06-23 18:00:00,1.501953125,5.252784729003906
24087,2012-06-26 18:00:00,1.401123046875,4.814552307128906
24107,2012-07-01 18:00:00,0.970458984375,4.373390197753906
24119,2012-07-04 18:00:00,1.706787109375,5.624855041503906
24135,2012-07-08 18:00:00,1.850341796875,5.739601135253906
24147,2012-07-11 18:00:00,1.366455078125,5.185401916503906
24163,2012-07-15 18:00:00,1.59375,5.235206604003906
24199,2012-07-24 18:00:00,1.14990234375,4.751319885253906
24271,2012-08-11 18:00:00,1.365966796875,5.099464416503906
24283,2012-08-14 18:00:00,1.451416015625,4.780616760253906
24319,2012-08-23 18:00:00,1.880615234375,5.819679260253906
24339,2012-08-28 18:00:00,1.177734375,4.749855041503906
24355,2012-09-01 18:00:00,1.72998046875,5.626808166503906
24371,2012-09-05 18:00:00,1.319580078125,4.832862854003906
24383,2012-09-08 18:00:00,1.278076171875,4.773780822753906
24407,2012-09-14 18:00:00,1.01806640625,4.410011291503906
24419,2012-09-17 18:00:00,1.093017578125,4.438331604003906
24461,2012-09-28 06:00:00,1.008544921875,4.979347229003906
24513,2012-10-11 06:00:00,0.994140625,4.429054260253906
24530,2012-10-15 12:00:00,0.909912109375,4.643409729003906
24549,2012-10-20 06:00:00,1.261474609375,5.201759338378906
24577,2012-10-27 06:00:00,0.92919921875,4.558448791503906
24594,2012-10-31 12:00:00,1.004638671875,4.858253479003906
24630,2012-11-09 12:00:00,0.96337890625,4.664894104003906
24649,2012-11-14 06:00:00,0.94970703125,4.771339416503906
24661,2012-11-17 06:00:00,1.172119140625,4.984718322753906
24690,2012-11-24 12:00:00,1.12060546875,5.193702697753906
24717,2012-12-01 06:00:00,1.069580078125,5.029396057128906
24730,2012-12-04 12:00:00,1.123779296875,5.246437072753906
24777,2012-12-16 06:00:00,1.302978515625,5.237892150878906
24789,2012-12-19 06:00:00,1.4716796875,5.868019104003906
24862,2013-01-06 12:00:00,0.966796875,4.954444885253906
24890,2013-01-13 12:00:00,1.147705078125,5.332862854003906
24913,2013-01-19 06:00:00,1.60546875,6.060401916503906
24929,2013-01-23 06:00:00,1.026123046875,4.749855041503906
24945,2013-01-27 06:00:00,1.510498046875,5.679542541503906
24971,2013-02-02 18:00:00,1.5859375,5.226905822753906
24989,2013-02-07 06:00:00,1.794677734375,6.272315979003906
25009,2013-02-12 06:00:00,0.9066162109375,4.697608947753906
25022,2013-02-15 12:00:00,0.956787109375,4.857765197753906
25054,2013-02-23 12:00:00,1.27685546875,5.539405822753906
25074,2013-02-28 12:00:00,1.7056884765625,6.201515197753906
25089,2013-03-04 06:00:00,1.580810546875,5.661476135253906
25110,2013-03-09 12:00:00,1.135986328125,5.166847229003906
25130,2013-03-14 12:00:00,1.197021484375,5.229835510253906
25142,2013-03-17 12:00:00,1.50927734375,5.903663635253906
25189,2013-03-29 06:00:00,1.06982421875,4.767921447753906
25246,2013-04-12 12:00:00,1.16943359375,5.219093322753906
25262,2013-04-16 12:00:00,1.0030517578125,4.755226135253906
25287,2013-04-22 18:00:00,1.181884765625,5.090187072753906
25301,2013-04-26 06:00:00,1.509765625,5.624855041503906
25313,2013-04-29 06:00:00,1.7496337890625,5.793800354003906
25329,2013-05-03 06:00:00,0.992919921875,4.960792541503906
25375,2013-05-14 18:00:00,1.454345703125,5.193702697753906
25491,2013-06-12 18:00:00,0.9566650390625,4.199562072753906
25504,2013-06-16 00:00:00,1.33984375,5.118995666503906
25524,2013-06-21 00:00:00,1.50537109375,5.175148010253906
25539,2013-06-24 18:00:00,1.55615234375,5.196144104003906
25567,2013-07-01 18:00:00,1.108154296875,4.327491760253906
25579,2013-07-04 18:00:00,1.2880859375,5.074562072753906
25611,2013-07-12 18:00:00,1.349609375,4.939308166503906
25639,2013-07-19 18:00:00,1.196533203125,4.791358947753906
25667,2013-07-26 18:00:00,1.38037109375,5.164894104003906
25683,2013-07-30 18:00:00,1.24365234375,5.127784729003906
25699,2013-08-03 18:00:00,1.3291015625,5.150245666503906
25715,2013-08-07 18:00:00,0.969482421875,4.520362854003906
25731,2013-08-11 18:00:00,1.01806640625,4.422706604003906
25752,2013-08-17 00:00:00,1.07470703125,5.186134338378906
25795,2013-08-27 18:00:00,1.3525390625,4.973487854003906
25811,2013-08-31 18:00:00,0.950927734375,4.212257385253906
26002,2013-10-18 12:00:00,0.94189453125,4.644386291503906
26026,2013-10-24 12:00:00,0.95947265625,4.717140197753906
26053,2013-10-31 06:00:00,1.193115234375,5.164405822753906
26098,2013-11-11 12:00:00,1.394775390625,5.736671447753906
26129,2013-11-19 06:00:00,1.4154052734375,5.361183166503906
26158,2013-11-26 12:00:00,0.9921875,5.203956604003906
26174,2013-11-30 12:00:00,0.9725341796875,5.138038635253906
26225,2013-12-13 06:00:00,1.246826171875,5.466407775878906
26278,2013-12-26 12:00:00,1.760009765625,6.397315979003906
26293,2013-12-30 06:00:00,1.29638671875,5.288429260253906
26317,2014-01-05 06:00:00,1.50048828125,5.514991760253906
26338,2014-01-10 12:00:00,1.36865234375,5.630714416503906
26354,2014-01-14 12:00:00,1.54150390625,6.162452697753906
26378,2014-01-20 12:00:00,1.072021484375,5.231788635253906
26390,2014-01-23 12:00:00,1.448974609375,5.727394104003906
26405,2014-01-27 06:00:00,1.776611328125,6.221046447753906
26417,2014-01-30 06:00:00,0.941162109375,4.714698791503906
26432,2014-02-03 00:00:00,1.40576171875,5.682472229003906
26478,2014-02-14 12:00:00,1.32421875,5.703468322753906
26514,2014-02-23 12:00:00,1.6495361328125,6.178077697753906
26530,2014-02-27 12:00:00,1.18505859375,5.223731994628906
26542,2014-03-02 12:00:00,1.38818359375,5.601905822753906
26570,2014-03-09 12:00:00,1.594482421875,6.024269104003906
26591,2014-03-14 18:00:00,1.419677734375,5.168312072753906
26606,2014-03-18 12:00:00,1.27880859375,5.700538635253906
26630,2014-03-24 12:00:00,0.98046875,5.055519104003906
26650,2014-03-29 12:00:00,1.3935546875,5.822608947753906
26666,2014-04-02 12:00:00,0.99560546875,5.076515197753906
26686,2014-04-07 12:00:00,1.099609375,5.291358947753906
26702,2014-04-11 12:00:00,1.188720703125,5.305030822753906
26750,2014-04-23 12:00:00,1.076904296875,5.156593322753906
26810,2014-05-08 12:00:00,1.29443359375,5.262062072753906
26950,2014-06-12 12:00:00,1.9296875,5.656105041503906
26963,2014-06-15 18:00:00,1.24365234375,4.761085510253906
26995,2014-06-23 18:00:00,0.951904296875,4.014991760253906
27011,2014-06-27 18:00:00,1.290283203125,4.949562072753906
27047,2014-07-06 18:00:00,1.225341796875,4.746437072753906
27060,2014-07-10 00:00:00,1.691650390625,5.699073791503906
27075,2014-07-13 18:00:00,1.789306640625,5.616310119628906
27091,2014-07-17 18:00:00,1.3251953125,4.835792541503906
27103,2014-07-20 18:00:00,2.03857421875,6.101417541503906
27116,2014-07-24 00:00:00,1.311767578125,5.137062072753906
27135,2014-07-28 18:00:00,1.368896484375,5.164894104003906
27165,2014-08-05 06:00:00,0.96875,4.717628479003906
27179,2014-08-08 18:00:00,1.42724609375,5.285987854003906
27191,2014-08-11 18:00:00,1.3486328125,4.820655822753906
27207,2014-08-15 18:00:00,1.099853515625,4.304054260253906
27279,2014-09-02 18:00:00,1.48583984375,5.138526916503906
27311,2014-09-10 18:00:00,1.248291015625,4.748878479003906
27339,2014-09-17 18:00:00,0.958984375,4.264015197753906
27478,2014-10-22 12:00:00,0.97021484375,4.907081604003906
27549,2014-11-09 06:00:00,1.221923828125,5.146339416503906
27569,2014-11-14 06:00:00,1.455078125,5.704444885253906
27585,2014-11-18 06:00:00,1.22314453125,5.099952697753906
27598,2014-11-21 12:00:00,0.9423828125,5.172706604003906
27642,2014-12-02 12:00:00,1.159423828125,5.363624572753906
27669,2014-12-09 06:00:00,1.237548828125,5.217628479003906
27693,2014-12-15 06:00:00,1.288330078125,5.638038635253906
27713,2014-12-20 06:00:00,1.21044921875,5.148780822753906
27734,2014-12-25 12:00:00,1.2421875,5.207374572753906
27777,2016-01-05 06:00:00,1.225341796875,5.215187072753906
27789,2016-01-08 06:00:00,1.5537109375,5.479835510253906
27806,2016-01-12 12:00:00,1.555419921875,5.882179260253906
27818,2016-01-15 12:00:00,1.100341796875,5.194679260253906
27846,2016-01-22 12:00:00,1.31689453125,5.395851135253906
27871,2016-01-28 18:00:00,1.775390625,5.729347229003906
27886,2016-02-01 12:00:00,0.9287109375,5.012550354003906
27902,2016-02-05 12:00:00,1.227294921875,5.603858947753906
27922,2016-02-10 12:00:00,1.00537109375,4.692726135253906
27941,2016-02-15 06:00:00,1.385009765625,5.615089416503906
27954,2016-02-18 12:00:00,1.05859375,5.142921447753906
27969,2016-02-22 06:00:00,1.95556640625,6.235939025878906
27990,2016-02-27 12:00:00,1.345947265625,5.629737854003906
28010,2016-03-03 12:00:00,1.674560546875,6.108741760253906
28041,2016-03-11 06:00:00,1.102783203125,4.792335510253906
28082,2016-03-21 12:00:00,1.215087890625,5.511573791503906
28098,2016-03-25 12:00:00,1.7353515625,6.264991760253906
28110,2016-03-28 12:00:00,1.409912109375,5.731300354003906
28122,2016-03-31 12:00:00,1.08251953125,5.268409729003906
28137,2016-04-04 06:00:00,1.562255859375,5.707862854003906
28149,2016-04-07 06:00:00,1.00732421875,5.144874572753906
28161,2016-04-10 06:00:00,1.01708984375,5.004737854003906
28173,2016-04-13 06:00:00,1.35302734375,5.711280822753906
28323,2016-05-20 18:00:00,1.081787109375,4.651222229003906
28363,2016-05-30 18:00:00,1.1650390625,4.806007385253906
28435,2016-06-17 18:00:00,1.34716796875,4.726905822753906
28447,2016-06-20 18:00:00,1.409912109375,4.908058166503906
28463,2016-06-24 18:00:00,1.03369140625,4.658058166503906
28479,2016-06-28 18:00:00,1.315185546875,4.907569885253906
28499,2016-07-03 18:00:00,1.5654296875,5.225440979003906
28511,2016-07-06 18:00:00,1.072021484375,4.460792541503906
28527,2016-07-10 18:00:00,1.436279296875,5.132179260253906
28539,2016-07-13 18:00:00,0.929931640625,4.011085510253906
28555,2016-07-17 18:00:00,1.3125,4.764991760253906
28569,2016-07-21 06:00:00,1.04638671875,4.313087463378906
28591,2016-07-26 18:00:00,1.450439453125,5.184913635253906
28606,2016-07-30 12:00:00,1.12353515625,4.713722229003906
28623,2016-08-03 18:00:00,0.978759765625,4.718605041503906
28695,2016-08-21 18:00:00,1.564208984375,5.174171447753906
28768,2016-09-09 00:00:00,0.9140625,4.683448791503906
28783,2016-09-12 18:00:00,0.953369140625,4.325538635253906
28918,2016-10-16 12:00:00,1.05419921875,5.202491760253906
28961,2016-10-27 06:00:00,1.498779296875,6.054542541503906
29034,2016-11-14 12:00:00,0.961669921875,4.779640197753906
29046,2016-11-17 12:00:00,1.230712890625,5.371437072753906
29077,2016-11-25 06:00:00,1.37646484375,5.262550354003906
29089,2016-11-28 06:00:00,1.0390625,4.799171447753906
29102,2016-12-01 12:00:00,1.24755859375,5.291847229003906
29154,2016-12-14 12:00:00,1.031494140625,4.952003479003906
29185,2016-12-22 06:00:00,1.26953125,5.167823791503906
29202,2016-12-26 12:00:00,0.9345703125,4.364112854003906
29294,2017-01-18 12:00:00,1.224365234375,5.114112854003906
29309,2017-01-22 06:00:00,0.990478515625,4.725440979003906
29330,2017-01-27 12:00:00,1.421875,5.691749572753906
29369,2017-02-06 06:00:00,1.819580078125,6.192726135253906
29381,2017-02-09 06:00:00,1.85009765625,6.171241760253906
29397,2017-02-13 06:00:00,1.4375,5.685401916503906
29446,2017-02-25 12:00:00,0.914306640625,4.666358947753906
29462,2017-03-01 12:00:00,1.468505859375,5.846534729003906
29506,2017-03-12 12:00:00,1.6513671875,6.180030822753906
29522,2017-03-16 12:00:00,1.148681640625,5.140968322753906
29534,2017-03-19 12:00:00,1.207763671875,5.235694885253906
29557,2017-03-25 06:00:00,1.3115234375,5.252296447753906
29569,2017-03-28 06:00:00,1.149169921875,5.093116760253906
29586,2017-04-01 12:00:00,0.943359375,4.793312072753906
29610,2017-04-07 12:00:00,1.154296875,4.968116760253906
29630,2017-04-12 12:00:00,1.249267578125,5.232765197753906
29682,2017-04-25 12:00:00,1.3515625,5.299171447753906
29734,2017-05-08 12:00:00,0.984375,5.119972229003906
29790,2017-05-22 12:00:00,0.9619140625,4.536964416503906
29839,2017-06-03 18:00:00,1.37841796875,5.004737854003906
29891,2017-06-16 18:00:00,1.07177734375,4.439796447753906
29911,2017-06-21 18:00:00,1.07763671875,4.717628479003906
29927,2017-06-25 18:00:00,1.032958984375,4.363136291503906
29947,2017-06-30 18:00:00,1.05615234375,4.637062072753906
29971,2017-07-06 18:00:00,0.998046875,4.091163635253906
29983,2017-07-09 18:00:00,1.815673828125,5.427589416503906
29999,2017-07-13 18:00:00,1.234375,4.824073791503906
30019,2017-07-18 18:00:00,1.588623046875,5.279640197753906
30035,2017-07-22 18:00:00,1.769775390625,5.604835510253906
30047,2017-07-25 18:00:00,1.091552734375,4.337257385253906
30063,2017-07-29 18:00:00,0.993896484375,4.702003479003906
30079,2017-08-02 18:00:00,1.1552734375,4.795753479003906
30091,2017-08-05 18:00:00,1.07470703125,4.720558166503906
30107,2017-08-09 18:00:00,0.9140625,4.340187072753906
30147,2017-08-19 18:00:00,0.93408203125,4.448585510253906
30159,2017-08-22 18:00:00,1.337890625,5.142921447753906
30192,2017-08-31 00:00:00,1.2392578125,5.145362854003906
30413,2017-10-25 06:00:00,1.360107421875,5.269386291503906
30430,2017-10-29 12:00:00,1.10595703125,5.226905822753906
30461,2017-11-06 06:00:00,1.1767578125,5.132423400878906
30506,2017-11-17 12:00:00,0.96337890625,4.815284729003906
30521,2017-11-21 06:00:00,1.348388671875,5.328224182128906
30546,2017-11-27 12:00:00,1.08544921875,5.191261291503906
30582,2017-12-06 12:00:00,1.063720703125,5.238136291503906
30598,2017-12-10 12:00:00,0.936767578125,4.698585510253906
30618,2017-12-15 12:00:00,1.063232421875,5.199073791503906
30634,2017-12-19 12:00:00,1.328857421875,5.854835510253906
30726,2018-01-11 12:00:00,1.242919921875,5.220558166503906
30757,2018-01-19 06:00:00,1.126220703125,5.163429260253906
30770,2018-01-22 12:00:00,1.0560302734375,5.009132385253906
30782,2018-01-25 12:00:00,0.91552734375,4.806007385253906
30813,2018-02-02 06:00:00,1.3955078125,5.684425354003906
30830,2018-02-06 12:00:00,1.1123046875,5.099464416503906
30850,2018-02-11 12:00:00,1.187255859375,5.223487854003906
30869,2018-02-16 06:00:00,1.8193359375,6.136085510253906
30890,2018-02-21 12:00:00,0.918701171875,4.584815979003906
30906,2018-02-25 12:00:00,1.2138671875,5.523292541503906
30938,2018-03-05 12:00:00,1.28466796875,5.225440979003906
30965,2018-03-12 06:00:00,0.972412109375,4.838722229003906
30978,2018-03-15 12:00:00,0.977783203125,4.836280822753906
30998,2018-03-20 12:00:00,1.2900390625,5.349952697753906
31018,2018-03-25 12:00:00,1.3468017578125,5.585792541503906
31034,2018-03-29 12:00:00,0.968017578125,5.117530822753906
31057,2018-04-04 06:00:00,1.175537109375,5.062843322753906
31069,2018-04-07 06:00:00,1.103759765625,4.816993713378906
31138,2018-04-24 12:00:00,0.972900390625,4.748878479003906
31178,2018-05-04 12:00:00,1.0963134765625,5.094581604003906
31233,2018-05-18 06:00:00,0.92138671875,4.928565979003906
31287,2018-05-31 18:00:00,1.106201171875,4.711280822753906
31307,2018-06-05 18:00:00,1.3232421875,5.224952697753906
31331,2018-06-11 18:00:00,0.971435546875,4.294288635253906
31344,2018-06-15 00:00:00,1.601806640625,5.328468322753906
31371,2018-06-21 18:00:00,1.12744140625,4.819679260253906
31395,2018-06-27 18:00:00,0.932373046875,4.262062072753906
31411,2018-07-01 18:00:00,1.11279296875,4.684669494628906
31427,2018-07-05 18:00:00,1.0400390625,4.703956604003906
31439,2018-07-08 18:00:00,1.37353515625,4.790382385253906
31455,2018-07-12 18:00:00,1.603759765625,5.204444885253906
31475,2018-07-17 18:00:00,1.740234375,5.322120666503906
31487,2018-07-20 18:00:00,1.069091796875,4.666358947753906
31507,2018-07-25 18:00:00,1.0869140625,4.854835510253906
31526,2018-07-30 12:00:00,1.528564453125,5.175636291503906
31539,2018-08-02 18:00:00,1.16748046875,4.707374572753906
31568,2018-08-10 00:00:00,1.266845703125,4.987648010253906
31584,2018-08-14 00:00:00,1.151611328125,4.742530822753906
31599,2018-08-17 18:00:00,1.205078125,4.743507385253906
31619,2018-08-22 18:00:00,1.582763671875,5.360206604003906
31639,2018-08-27 18:00:00,1.47314453125,5.064308166503906
31753,2018-09-25 06:00:00,0.926513671875,4.924171447753906
31777,2018-10-01 06:00:00,1.070068359375,4.913917541503906
31842,2018-10-17 12:00:00,1.253173828125,5.625343322753906
31861,2018-10-22 06:00:00,1.180419921875,5.088233947753906
31877,2018-10-26 06:00:00,1.0107421875,4.709815979003906
31894,2018-10-30 12:00:00,1.16162109375,5.284767150878906
31917,2018-11-05 06:00:00,1.414794921875,5.404640197753906
31937,2018-11-10 06:00:00,1.132568359375,4.773780822753906
31957,2018-11-15 06:00:00,1.285888671875,5.462257385253906
31990,2018-11-23 12:00:00,1.163818359375,5.157569885253906
32013,2018-11-29 06:00:00,1.19384765625,5.067237854003906
32037,2018-12-05 06:00:00,1.00537109375,4.722511291503906
32070,2018-12-13 12:00:00,0.925048828125,4.649269104003906
32086,2018-12-17 12:00:00,1.07470703125,5.204444885253906
32125,2018-12-27 06:00:00,1.470458984375,5.559425354003906
32138,2018-12-30 12:00:00,0.93310546875,4.942237854003906
32152,2019-01-03 00:00:00,1.254638671875,5.409034729003906
32170,2019-01-07 12:00:00,0.9091796875,4.754249572753906
32198,2019-01-14 12:00:00,1.313232421875,5.342628479003906
32225,2019-01-21 06:00:00,0.901611328125,4.738136291503906
32238,2019-01-24 12:00:00,1.369873046875,5.708839416503906
32253,2019-01-28 06:00:00,2.13818359375,6.634132385253906
32265,2019-01-31 06:00:00,0.90673828125,4.577491760253906
32286,2019-02-05 12:00:00,1.313232421875,5.658058166503906
32298,2019-02-08 12:00:00,1.844970703125,6.243507385253906
32322,2019-02-14 12:00:00,1.541015625,5.780128479003906
32343,2019-02-19 18:00:00,1.731689453125,5.688331604003906
32357,2019-02-23 06:00:00,1.0859375,5.127784729003906
32385,2019-03-02 06:00:00,1.775390625,5.681983947753906
32404,2019-03-07 00:00:00,1.131591796875,4.672218322753906
32417,2019-03-10 06:00:00,1.20849609375,5.108253479003906
32429,2019-03-13 06:00:00,1.8330078125,6.178565979003906
32441,2019-03-16 06:00:00,0.943359375,4.791358947753906
32462,2019-03-21 12:00:00,1.214111328125,5.306495666503906
32477,2019-03-25 06:00:00,1.654296875,5.618995666503906
32502,2019-03-31 12:00:00,1.42138671875,5.737648010253906
32526,2019-04-06 12:00:00,1.11181640625,5.182472229003906
32545,2019-04-11 06:00:00,1.390869140625,5.252296447753906
32569,2019-04-17 06:00:00,1.263427734375,5.033546447753906
32610,2019-04-27 12:00:00,1.50390625,5.744972229003906
32650,2019-05-07 12:00:00,0.94091796875,4.905128479003906
32685,2019-05-16 06:00:00,1.32080078125,4.795265197753906
32698,2019-05-19 12:00:00,1.28564453125,5.299659729003906
32791,2019-06-11 18:00:00,1.318115234375,4.813331604003906
32807,2019-06-15 18:00:00,1.61376953125,5.399757385253906
32819,2019-06-18 18:00:00,1.756103515625,5.522315979003906
32831,2019-06-21 18:00:00,0.95849609375,4.288429260253906
32854,2019-06-27 12:00:00,0.908203125,4.225929260253906
32875,2019-07-02 18:00:00,1.739013671875,5.379737854003906
32887,2019-07-05 18:00:00,0.943115234375,4.412940979003906
32903,2019-07-09 18:00:00,1.8271484375,5.710792541503906
32916,2019-07-13 00:00:00,1.883056640625,5.787940979003906
32931,2019-07-16 18:00:00,1.0146484375,4.530616760253906
32943,2019-07-19 18:00:00,1.268310546875,4.732276916503906
32960,2019-07-24 00:00:00,1.871826171875,5.698097229003906
32983,2019-07-29 18:00:00,1.145751953125,4.560890197753906
32999,2019-08-02 18:00:00,0.9248046875,4.298683166503906
33015,2019-08-06 18:00:00,1.3834228515625,5.377296447753906
33027,2019-08-09 18:00:00,1.13916015625,4.876319885253906
33042,2019-08-13 12:00:00,1.1435546875,4.704444885253906
33055,2019-08-16 18:00:00,1.1484375,4.730812072753906
33071,2019-08-20 18:00:00,1.285888671875,4.796730041503906
33087,2019-08-24 18:00:00,0.9638671875,4.323585510253906
33099,2019-08-27 18:00:00,1.43505859375,4.398780822753906
33119,2019-09-01 18:00:00,0.926513671875,4.253761291503906
33135,2019-09-05 18:00:00,1.203125,4.717140197753906
33155,2019-09-10 18:00:00,1.303955078125,4.796730041503906
33269,2019-10-09 06:00:00,0.921630859375,4.937843322753906
33326,2019-10-23 12:00:00,0.926025390625,4.319679260253906
33405,2019-11-12 06:00:00,1.341064453125,5.326515197753906
33426,2019-11-17 12:00:00,1.708984375,6.221534729003906
33446,2019-11-22 12:00:00,1.684814453125,6.151710510253906
33482,2019-12-01 12:00:00,0.9091796875,4.838966369628906
33542,2019-12-16 12:00:00,1.018310546875,4.866554260253906
33613,2020-01-03 06:00:00,0.9169921875,4.678565979003906
33647,2020-01-11 18:00:00,2.03515625,6.087257385253906
33670,2020-01-17 12:00:00,1.316162109375,5.562843322753906
33703,2020-01-25 18:00:00,1.717041015625,5.383155822753906
33716,2020-01-29 00:00:00,1.251708984375,5.544776916503906
33746,2020-02-05 12:00:00,1.225341796875,5.307228088378906
33771,2020-02-11 18:00:00,1.69384765625,5.400733947753906
33793,2020-02-17 06:00:00,1.474609375,5.609230041503906
33822,2020-02-24 12:00:00,1.329345703125,5.515480041503906
33878,2020-03-09 12:00:00,0.975341796875,4.711769104003906
33893,2020-03-13 06:00:00,2.1578369140625,6.354835510253906
33914,2020-03-18 12:00:00,1.162841796875,5.264991760253906
33954,2020-03-28 12:00:00,1.25830078125,5.408058166503906
33973,2020-04-02 06:00:00,1.077880859375,4.822608947753906
33985,2020-04-05 06:00:00,1.2353515625,5.178565979003906
34005,2020-04-10 06:00:00,1.29443359375,5.323341369628906
34038,2020-04-18 12:00:00,1.0841064453125,5.020851135253906
34050,2020-04-21 12:00:00,0.993896484375,4.842872619628906
34118,2020-05-08 12:00:00,1.051513671875,4.826026916503906
34206,2020-05-30 12:00:00,1.033935546875,4.626319885253906
34255,2020-06-11 18:00:00,1.06201171875,4.437355041503906
34279,2020-06-17 18:00:00,1.251953125,4.880714416503906
34295,2020-06-21 18:00:00,1.41015625,5.176124572753906
34315,2020-06-26 18:00:00,0.959228515625,4.361183166503906
34331,2020-06-30 18:00:00,0.972900390625,4.587257385253906
34343,2020-07-03 18:00:00,1.415771484375,4.866554260253906
34374,2020-07-11 12:00:00,1.677001953125,5.232276916503906
34387,2020-07-14 18:00:00,1.3671875,5.113624572753906
34404,2020-07-19 00:00:00,1.507080078125,5.598976135253906
34450,2020-07-30 12:00:00,1.270751953125,4.646095275878906
34465,2020-08-03 06:00:00,0.95947265625,4.451026916503906
34482,2020-08-07 12:00:00,1.779296875,5.636085510253906
34495,2020-08-10 18:00:00,1.900146484375,5.723731994628906
34507,2020-08-13 18:00:00,1.03515625,4.325538635253906
34527,2020-08-18 18:00:00,1.437255859375,5.157569885253906
34559,2020-08-26 18:00:00,1.296630859375,4.732765197753906
34709,2020-10-03 06:00:00,0.94580078125,4.698097229003906
34802,2020-10-26 12:00:00,1.119873046875,5.194923400878906
34826,2020-11-01 12:00:00,1.330078125,5.631202697753906
34850,2020-11-07 12:00:00,1.29248046875,5.678565979003906
34930,2020-11-27 12:00:00,1.538818359375,6.094093322753906
34946,2020-12-01 12:00:00,0.988525390625,4.933448791503906
35002,2020-12-15 12:00:00,1.046142578125,4.848976135253906
35030,2020-12-22 12:00:00,1.023681640625,5.077491760253906
35053,2020-12-28 06:00:00,1.38818359375,5.534034729003906
35069,2021-01-01 06:00:00,1.65283203125,5.820167541503906
35097,2021-01-08 06:00:00,1.195556640625,5.091163635253906
35110,2021-01-11 12:00:00,1.3770751953125,5.655616760253906
35126,2021-01-15 12:00:00,0.970458984375,4.784523010253906
35165,2021-01-25 06:00:00,1.420654296875,5.567726135253906
35177,2021-01-28 06:00:00,1.427734375,5.329933166503906
35198,2021-02-02 12:00:00,1.1240234375,5.155616760253906
35210,2021-02-05 12:00:00,1.491943359375,5.732276916503906
35258,2021-02-17 12:00:00,1.483642578125,5.672218322753906
35302,2021-02-28 12:00:00,0.904052734375,4.618019104003906
35338,2021-03-09 12:00:00,1.2548828125,5.238136291503906
35350,2021-03-12 12:00:00,1.22412109375,5.238136291503906
35366,2021-03-16 12:00:00,1.62744140625,6.183692932128906
35406,2021-03-26 12:00:00,1.33203125,5.544288635253906
35454,2021-04-07 12:00:00,1.02294921875,4.790870666503906
35466,2021-04-10 12:00:00,1.279541015625,5.456886291503906
35494,2021-04-17 12:00:00,1.0927734375,5.206398010253906
35517,2021-04-23 06:00:00,1.455078125,5.606788635253906
35529,2021-04-26 06:00:00,0.9224853515625,4.645851135253906
35604,2021-05-15 00:00:00,0.948974609375,4.604347229003906
35654,2021-05-27 12:00:00,1.162109375,5.360206604003906
35678,2021-06-02 12:00:00,1.05322265625,5.182228088378906
35739,2021-06-17 18:00:00,1.0244140625,4.704444885253906
35751,2021-06-20 18:00:00,0.914794921875,4.396827697753906
35795,2021-07-01 18:00:00,1.10546875,4.481300354003906
35839,2021-07-12 18:00:00,1.90234375,5.688819885253906
35856,2021-07-17 00:00:00,1.0244140625,4.763038635253906
35870,2021-07-20 12:00:00,1.117919921875,4.744483947753906
35951,2021-08-09 18:00:00,1.59326171875,5.578956604003906
35979,2021-08-16 18:00:00,1.119384765625,4.684425354003906
36027,2021-08-28 18:00:00,1.153076171875,4.704444885253906
36067,2021-09-07 18:00:00,0.979736328125,4.417823791503906
36091,2021-09-13 18:00:00,1.122314453125,4.728858947753906
36112,2021-09-19 00:00:00,1.138671875,4.773292541503906
36144,2021-09-27 00:00:00,0.933837890625,4.464698791503906
36263,2021-10-26 18:00:00,0.955078125,4.775245666503906
36277,2021-10-30 06:00:00,1.084228515625,4.908546447753906
36314,2021-11-08 12:00:00,1.136962890625,5.163917541503906
36338,2021-11-14 12:00:00,1.390380859375,5.656593322753906
36421,2021-12-05 06:00:00,0.989013671875,4.663917541503906
36442,2021-12-10 12:00:00,0.904296875,4.731544494628906
36461,2021-12-15 06:00:00,1.4228515625,5.566993713378906
36473,2021-12-18 06:00:00,1.566162109375,5.730079650878906
36498,2021-12-24 12:00:00,0.953369140625,4.717384338378906
36514,2021-12-28 12:00:00,1.169921875,5.217628479003906
36530,2022-01-01 12:00:00,1.3564453125,5.600440979003906
36543,2022-01-04 18:00:00,0.921142578125,4.290382385253906
36569,2022-01-11 06:00:00,1.590576171875,5.814308166503906
36581,2022-01-14 06:00:00,1.237060546875,5.099952697753906
36618,2022-01-23 12:00:00,0.922607421875,4.539894104003906
36672,2022-02-06 00:00:00,1.335205078125,5.100685119628906
36689,2022-02-10 06:00:00,1.341552734375,5.412452697753906
36726,2022-02-19 12:00:00,1.22705078125,5.574562072753906
36746,2022-02-24 12:00:00,1.1943359375,5.208351135253906
36766,2022-03-01 12:00:00,1.008544921875,5.067237854003906
36778,2022-03-04 12:00:00,1.570556640625,5.767433166503906
36790,2022-03-07 12:00:00,1.272705078125,5.391456604003906
36802,2022-03-10 12:00:00,1.447021484375,5.776222229003906
36865,2022-03-26 06:00:00,1.07958984375,4.603370666503906
36882,2022-03-30 12:00:00,1.03369140625,4.738136291503906
36914,2022-04-07 12:00:00,1.04443359375,5.114112854003906
36946,2022-04-15 12:00:00,1.05078125,4.790382385253906
36969,2022-04-21 06:00:00,1.29248046875,5.255226135253906
36985,2022-04-25 06:00:00,1.37353515625,5.333839416503906
37001,2022-04-29 06:00:00,1.47119140625,5.609230041503906
37215,2022-06-21 18:00:00,1.29150390625,4.810890197753906
37228,2022-06-25 00:00:00,0.96826171875,4.653663635253906
37251,2022-06-30 18:00:00,1.6455078125,5.303077697753906
37267,2022-07-04 18:00:00,1.8291015625,5.680030822753906
37279,2022-07-07 18:00:00,1.26513671875,5.050148010253906
37303,2022-07-13 18:00:00,1.23681640625,5.129249572753906
37315,2022-07-16 18:00:00,1.359375,4.767433166503906
37330,2022-07-20 12:00:00,0.997802734375,4.800636291503906
37383,2022-08-02 18:00:00,1.1923828125,4.757179260253906
37467,2022-08-23 18:00:00,1.20751953125,4.773292541503906
37519,2022-09-05 18:00:00,1.05126953125,4.611183166503906
37685,2022-10-17 06:00:00,1.126220703125,4.794776916503906
37705,2022-10-22 06:00:00,1.15625,4.827491760253906
37721,2022-10-26 06:00:00,1.03173828125,5.180030822753906
37745,2022-11-01 06:00:00,1.0537109375,4.679542541503906
37783,2022-11-10 18:00:00,1.21240234375,5.575050354003906
37813,2022-11-18 06:00:00,1.010986328125,4.740089416503906
37841,2022-11-25 06:00:00,1.210205078125,5.135597229003906
37862,2022-11-30 12:00:00,0.984375,4.821632385253906
37887,2022-12-06 18:00:00,0.993896484375,4.806007385253906
37910,2022-12-12 12:00:00,1.2015380859375,5.296241760253906
37942,2022-12-20 12:00:00,0.900634765625,4.657081604003906
37954,2022-12-23 12:00:00,1.326904296875,5.641944885253906
37987,2022-12-31 18:00:00,1.7041015625,6.262306213378906
38001,2023-01-04 06:00:00,1.36083984375,5.702003479003906
38025,2023-01-10 06:00:00,1.196044921875,5.289405822753906
38041,2023-01-14 06:00:00,1.486572265625,5.400245666503906
38076,2023-01-23 00:00:00,1.561279296875,5.869972229003906
38090,2023-01-26 12:00:00,1.0390625,5.127784729003906
38106,2023-01-30 12:00:00,1.612548828125,5.835304260253906
38154,2023-02-11 12:00:00,1.432861328125,5.742530822753906
38166,2023-02-14 12:00:00,1.4580078125,5.718605041503906
38194,2023-02-21 12:00:00,1.17724609375,5.170753479003906
38213,2023-02-26 06:00:00,1.171875,5.208351135253906
38234,2023-03-03 12:00:00,1.7001953125,6.202980041503906
38254,2023-03-08 12:00:00,1.51171875,5.767921447753906
38269,2023-03-12 06:00:00,1.504150390625,5.498878479003906
38307,2023-03-21 18:00:00,1.3505859375,5.156593322753906
38326,2023-03-26 12:00:00,1.07763671875,5.131690979003906
38365,2023-04-05 06:00:00,1.104736328125,5.048439025878906
38381,2023-04-09 06:00:00,1.34228515625,5.512550354003906
38394,2023-04-12 12:00:00,1.718017578125,6.151222229003906
38418,2023-04-18 12:00:00,1.140869140625,5.184425354003906
38430,2023-04-21 12:00:00,1.264892578125,5.536964416503906
38537,2023-05-18 06:00:00,1.033447265625,4.775245666503906
38561,2023-05-24 06:00:00,0.962646484375,4.730323791503906
38574,2023-05-27 12:00:00,1.157958984375,5.283546447753906
38639,2023-06-12 18:00:00,1.7353515625,5.567237854003906
38655,2023-06-16 18:00:00,1.1776123046875,4.698585510253906
38691,2023-06-25 18:00:00,1.036376953125,4.682960510253906
38703,2023-06-28 18:00:00,1.119384765625,4.726905822753906
38735,2023-07-06 18:00:00,1.1748046875,4.660499572753906
38747,2023-07-09 18:00:00,1.672607421875,5.237159729003906
38759,2023-07-12 18:00:00,1.5439453125,5.261085510253906
38791,2023-07-20 18:00:00,1.50830078125,5.212501525878906
38803,2023-07-23 18:00:00,1.21728515625,4.735206604003906
38819,2023-07-27 18:00:00,1.569580078125,5.221046447753906
38851,2023-08-04 18:00:00,1.583740234375,5.320655822753906
38863,2023-08-07 18:00:00,1.458984375,5.062843322753906
38959,2023-08-31 18:00:00,1.3427734375,4.793312072753906
38980,2023-09-06 00:00:00,0.941162109375,4.261573791503906
39011,2023-09-13 18:00:00,1.293701171875,5.008644104003906
39089,2023-10-03 06:00:00,0.916748046875,4.654151916503906
39117,2023-10-10 06:00:00,1.108154296875,5.104347229003906
39133,2023-10-14 06:00:00,0.954345703125,4.720558166503906
39153,2023-10-19 06:00:00,1.196533203125,5.076515197753906
39165,2023-10-22 06:00:00,1.0029296875,4.719581604003906
39181,2023-10-26 06:00:00,1.558837890625,6.020362854003906
39201,2023-10-31 06:00:00,1.208740234375,5.166847229003906
39213,2023-11-03 06:00:00,1.03369140625,4.871925354003906
39246,2023-11-11 12:00:00,1.0048828125,4.802589416503906
39264,2023-11-16 00:00:00,0.963623046875,5.004737854003906
39278,2023-11-19 12:00:00,1.37939453125,5.574073791503906
39337,2023-12-04 06:00:00,1.15966796875,5.176124572753906
39358,2023-12-09 12:00:00,1.189453125,5.149757385253906
39401,2023-12-20 06:00:00,1.28857421875,5.409034729003906
39413,2023-12-23 06:00:00,1.0419921875,5.008644104003906
39430,2023-12-27 12:00:00,1.1689453125,5.367042541503906
39466,2024-01-05 12:00:00,0.969482421875,4.783546447753906
39481,2024-01-09 06:00:00,1.350341796875,5.293800354003906
39534,2024-01-22 12:00:00,1.063232421875,5.211769104003906
39550,2024-01-26 12:00:00,0.928955078125,4.722511291503906
39580,2024-02-03 00:00:00,1.15478515625,4.761085510253906
39605,2024-02-09 06:00:00,1.71044921875,6.071632385253906
39630,2024-02-15 12:00:00,1.76220703125,6.306007385253906
39642,2024-02-18 12:00:00,0.963623046875,4.319679260253906
39662,2024-02-23 12:00:00,1.329833984375,5.541358947753906
39694,2024-03-02 12:00:00,1.51953125,5.880714416503906
39709,2024-03-06 06:00:00,1.079345703125,4.743019104003906
39730,2024-03-11 12:00:00,0.95361328125,4.750343322753906
39742,2024-03-14 12:00:00,1.427001953125,5.692726135253906
39761,2024-03-19 06:00:00,1.544677734375,5.698097229003906
39782,2024-03-24 12:00:00,1.339599609375,5.635108947753906
39806,2024-03-30 12:00:00,1.609619140625,6.065284729003906
39838,2024-04-07 12:00:00,1.06005859375,5.037452697753906
39881,2024-04-18 06:00:00,1.06689453125,4.407569885253906
39914,2024-04-26 12:00:00,1.0013427734375,4.846534729003906
39929,2024-04-30 06:00:00,1.18359375,5.207374572753906
39986,2024-05-14 12:00:00,1.054443359375,5.123390197753906
40040,2024-05-28 00:00:00,0.94580078125,4.579933166503906
40052,2024-05-31 00:00:00,0.908935546875,4.613136291503906
40159,2024-06-26 18:00:00,1.162109375,4.515968322753906
40183,2024-07-02 18:00:00,1.150390625,4.724952697753906
40195,2024-07-05 18:00:00,1.040771484375,4.663917541503906
40219,2024-07-11 18:00:00,1.32861328125,4.933448791503906
40239,2024-07-16 18:00:00,1.376953125,4.827003479003906
40263,2024-07-22 18:00:00,1.5234375,5.225685119628906
40291,2024-07-29 18:00:00,1.5927734375,5.570167541503906
40303,2024-08-01 18:00:00,1.46533203125,5.265968322753906
40319,2024-08-05 18:00:00,1.213623046875,4.742530822753906
40335,2024-08-09 18:00:00,1.20068359375,4.979835510253906
40375,2024-08-19 18:00:00,1.517822265625,5.183448791503906
40391,2024-08-23 18:00:00,1.383544921875,5.336036682128906
40407,2024-08-27 18:00:00,0.985595703125,4.312843322753906
40419,2024-08-30 18:00:00,1.71142578125,5.649269104003906
40435,2024-09-03 18:00:00,1.23095703125,5.010108947753906
40451,2024-09-07 18:00:00,1.050048828125,4.350685119628906
40483,2024-09-15 18:00:00,1.118408203125,4.623390197753906
40641,2024-10-25 06:00:00,1.137451171875,5.181007385253906
40670,2024-11-01 12:00:00,1.31787109375,5.413917541503906
40690,2024-11-06 12:00:00,0.90869140625,4.789405822753906
40702,2024-11-09 12:00:00,0.938232421875,4.737892150878906
40769,2024-11-26 06:00:00,1.079345703125,4.807472229003906
40849,2024-12-16 06:00:00,1.087158203125,4.766456604003906
40893,2024-12-27 06:00:00,1.301025390625,5.323097229003906
40936,2025-01-07 00:00:00,1.712646484375,6.141456604003906
40954,2025-01-11 12:00:00,1.120361328125,5.204444885253906
40969,2025-01-15 06:00:00,1.55810546875,5.658058166503906
41001,2025-01-23 06:00:00,1.1943359375,5.114112854003906
41013,2025-01-26 06:00:00,1.007080078125,4.962257385253906
41038,2025-02-01 12:00:00,0.936767578125,4.737648010253906
41057,2025-02-06 06:00:00,1.53564453125,5.792335510253906
41077,2025-02-11 06:00:00,1.468017578125,5.314064025878906
41098,2025-02-16 12:00:00,1.1103515625,5.159034729003906
41141,2025-02-27 06:00:00,1.040283203125,4.769386291503906
41162,2025-03-04 12:00:00,2.049560546875,6.621925354003906
41206,2025-03-15 12:00:00,0.9072265625,4.659034729003906
41218,2025-03-18 12:00:00,1.416748046875,5.688575744628906
41230,2025-03-21 12:00:00,1.0546875,5.042335510253906
41265,2025-03-30 06:00:00,1.43603515625,5.435890197753906
41286,2025-04-04 12:00:00,1.2626953125,5.323097229003906
41298,2025-04-07 12:00:00,0.93212890625,4.851417541503906
41314,2025-04-11 12:00:00,0.900634765625,4.667335510253906
41349,2025-04-20 06:00:00,1.159912109375,4.980812072753906
41389,2025-04-30 06:00:00,1.16259765625,4.825050354003906
41414,2025-05-06 12:00:00,1.04052734375,4.580421447753906
41487,2025-05-24 18:00:00,1.18896484375,4.789405822753906
41510,2025-05-30 12:00:00,1.461181640625,5.139015197753906
41523,2025-06-02 18:00:00,1.219482421875,4.754737854003906
41591,2025-06-19 18:00:00,1.37109375,5.120704650878906
41623,2025-06-27 18:00:00,0.994873046875,4.667335510253906
41635,2025-06-30 18:00:00,1.090576171875,4.684913635253906
41647,2025-07-03 18:00:00,1.511962890625,5.322120666503906
41679,2025-07-11 18:00:00,1.19775390625,4.548683166503906
41691,2025-07-14 18:00:00,1.4892578125,5.154640197753906
41703,2025-07-17 18:00:00,1.702392578125,5.606788635253906
41715,2025-07-20 18:00:00,1.934326171875,5.876075744628906
41731,2025-07-24 18:00:00,1.6298828125,5.509132385253906
41744,2025-07-28 00:00:00,1.14501953125,4.867530822753906
41759,2025-07-31 18:00:00,1.5859375,5.220069885253906
41775,2025-08-04 18:00:00,1.458984375,5.226417541503906
41827,2025-08-17 18:00:00,0.97021484375,4.686866760253906
41866,2025-08-27 12:00:00,1.0419921875,4.598487854003906
41879,2025-08-30 18:00:00,1.3349609375,5.124366760253906
41891,2025-09-02 18:00:00,1.20263671875,4.646827697753906
41931,2025-09-12 18:00:00,1.25048828125,4.784034729003906
41988,2025-09-27 00:00:00,1.01708984375,4.629737854003906
42009,2025-10-02 06:00:00,0.9384765625,4.286964416503906
42054,2025-10-13 12:00:00,0.908203125,4.892921447753906
42158,2025-11-08 12:00:00,1.11962890625,5.280616760253906
42174,2025-11-12 12:00:00,0.999755859375,4.948097229003906
42189,2025-11-16 06:00:00,1.1064453125,5.031593322753906
42229,2025-11-26 06:00:00,1.3570556640625,5.430030822753906
42246,2025-11-30 12:00:00,1.066650390625,5.122413635253906
42261,2025-12-04 06:00:00,1.08642578125,4.815773010253906
42273,2025-12-07 06:00:00,1.386962890625,5.393409729003906
42285,2025-12-10 06:00:00,1.069091796875,4.838722229003906
42306,2025-12-15 12:00:00,1.08984375,5.149269104003906
42330,2025-12-21 12:00:00,1.44091796875,6.114601135253906
42350,2025-12-26 12:00:00,1.00244140625,4.930030822753906
